group,issued,start,end,probability,alert,event,outcome,verified,leadDays,city,hazard,horizon,red_threshold_pct,provenance
4,2026-01-01,2026-01-02,2026-01-04,0.1729669450304951,false,false,Correct rejection,,,Coimbra,rain,3,40,Historical weather replay; overlapping forecast windows
5,2026-01-01,2026-01-02,2026-01-04,0.1884768851903846,false,false,Correct rejection,,,Coimbra,rain,3,40,Historical weather replay; overlapping forecast windows
6,2026-01-01,2026-01-02,2026-01-04,0.1884768851903846,false,false,Correct rejection,,,Coimbra,rain,3,40,Historical weather replay; overlapping forecast windows
7,2026-01-01,2026-01-02,2026-01-04,0.22348669362613038,false,false,Correct rejection,,,Coimbra,rain,3,40,Historical weather replay; overlapping forecast windows
8,2026-01-01,2026-01-02,2026-01-04,0.199072894365029,false,false,Correct rejection,,,Coimbra,rain,3,40,Historical weather replay; overlapping forecast windows
4,2026-01-02,2026-01-03,2026-01-05,0.2977198788513344,false,false,Correct rejection,,,Coimbra,rain,3,40,Historical weather replay; overlapping forecast windows
5,2026-01-02,2026-01-03,2026-01-05,0.3241925941926943,false,false,Correct rejection,,,Coimbra,rain,3,40,Historical weather replay; overlapping forecast windows
6,2026-01-02,2026-01-03,2026-01-05,0.3241925941926943,false,false,Correct rejection,,,Coimbra,rain,3,40,Historical weather replay; overlapping forecast windows
7,2026-01-02,2026-01-03,2026-01-05,0.35344013384230605,false,false,Correct rejection,,,Coimbra,rain,3,40,Historical weather replay; overlapping forecast windows
8,2026-01-02,2026-01-03,2026-01-05,0.3204727548135907,false,false,Correct rejection,,,Coimbra,rain,3,40,Historical weather replay; overlapping forecast windows
4,2026-01-03,2026-01-04,2026-01-06,0.278923542812389,false,false,Correct rejection,,,Coimbra,rain,3,40,Historical weather replay; overlapping forecast windows
5,2026-01-03,2026-01-04,2026-01-06,0.30668942620863504,false,false,Correct rejection,,,Coimbra,rain,3,40,Historical weather replay; overlapping forecast windows
6,2026-01-03,2026-01-04,2026-01-06,0.30668942620863504,false,false,Correct rejection,,,Coimbra,rain,3,40,Historical weather replay; overlapping forecast windows
7,2026-01-03,2026-01-04,2026-01-06,0.3710989883311484,false,false,Correct rejection,,,Coimbra,rain,3,40,Historical weather replay; overlapping forecast windows
8,2026-01-03,2026-01-04,2026-01-06,0.3375239297872719,false,false,Correct rejection,,,Coimbra,rain,3,40,Historical weather replay; overlapping forecast windows
4,2026-01-04,2026-01-05,2026-01-07,0.0851001486706239,false,false,Correct rejection,,,Coimbra,rain,3,40,Historical weather replay; overlapping forecast windows
5,2026-01-04,2026-01-05,2026-01-07,0.09740222444625747,false,false,Correct rejection,,,Coimbra,rain,3,40,Historical weather replay; overlapping forecast windows
6,2026-01-04,2026-01-05,2026-01-07,0.09740222444625747,false,false,Correct rejection,,,Coimbra,rain,3,40,Historical weather replay; overlapping forecast windows
7,2026-01-04,2026-01-05,2026-01-07,0.12223938890997804,false,false,Correct rejection,,,Coimbra,rain,3,40,Historical weather replay; overlapping forecast windows
8,2026-01-04,2026-01-05,2026-01-07,0.09963923507407965,false,false,Correct rejection,,,Coimbra,rain,3,40,Historical weather replay; overlapping forecast windows
4,2026-01-05,2026-01-06,2026-01-08,0.015985202195001675,false,false,Correct rejection,,,Coimbra,rain,3,40,Historical weather replay; overlapping forecast windows
5,2026-01-05,2026-01-06,2026-01-08,0.01782044996949747,false,false,Correct rejection,,,Coimbra,rain,3,40,Historical weather replay; overlapping forecast windows
6,2026-01-05,2026-01-06,2026-01-08,0.01782044996949747,false,false,Correct rejection,,,Coimbra,rain,3,40,Historical weather replay; overlapping forecast windows
7,2026-01-05,2026-01-06,2026-01-08,0.022440156941283755,false,false,Correct rejection,,,Coimbra,rain,3,40,Historical weather replay; overlapping forecast windows
8,2026-01-05,2026-01-06,2026-01-08,0.018564639382061404,false,false,Correct rejection,,,Coimbra,rain,3,40,Historical weather replay; overlapping forecast windows
4,2026-01-06,2026-01-07,2026-01-09,0.018096327937617743,false,false,Correct rejection,,,Coimbra,rain,3,40,Historical weather replay; overlapping forecast windows
5,2026-01-06,2026-01-07,2026-01-09,0.01910485465139227,false,false,Correct rejection,,,Coimbra,rain,3,40,Historical weather replay; overlapping forecast windows
6,2026-01-06,2026-01-07,2026-01-09,0.01910485465139227,false,false,Correct rejection,,,Coimbra,rain,3,40,Historical weather replay; overlapping forecast windows
7,2026-01-06,2026-01-07,2026-01-09,0.022479642445364278,false,false,Correct rejection,,,Coimbra,rain,3,40,Historical weather replay; overlapping forecast windows
8,2026-01-06,2026-01-07,2026-01-09,0.02051073640928965,false,false,Correct rejection,,,Coimbra,rain,3,40,Historical weather replay; overlapping forecast windows
4,2026-01-07,2026-01-08,2026-01-10,0.05216666744152983,false,false,Correct rejection,,,Coimbra,rain,3,40,Historical weather replay; overlapping forecast windows
5,2026-01-07,2026-01-08,2026-01-10,0.056765860228251065,false,false,Correct rejection,,,Coimbra,rain,3,40,Historical weather replay; overlapping forecast windows
6,2026-01-07,2026-01-08,2026-01-10,0.056765860228251065,false,false,Correct rejection,,,Coimbra,rain,3,40,Historical weather replay; overlapping forecast windows
7,2026-01-07,2026-01-08,2026-01-10,0.08257203749448198,false,false,Correct rejection,,,Coimbra,rain,3,40,Historical weather replay; overlapping forecast windows
8,2026-01-07,2026-01-08,2026-01-10,0.0705226620688135,false,false,Correct rejection,,,Coimbra,rain,3,40,Historical weather replay; overlapping forecast windows
4,2026-01-08,2026-01-09,2026-01-11,0.0933171379536117,false,false,Correct rejection,,,Coimbra,rain,3,40,Historical weather replay; overlapping forecast windows
5,2026-01-08,2026-01-09,2026-01-11,0.08617136580407685,false,false,Correct rejection,,,Coimbra,rain,3,40,Historical weather replay; overlapping forecast windows
6,2026-01-08,2026-01-09,2026-01-11,0.08617136580407685,false,false,Correct rejection,,,Coimbra,rain,3,40,Historical weather replay; overlapping forecast windows
7,2026-01-08,2026-01-09,2026-01-11,0.09839118540018033,false,false,Correct rejection,,,Coimbra,rain,3,40,Historical weather replay; overlapping forecast windows
8,2026-01-08,2026-01-09,2026-01-11,0.10353679679926674,false,false,Correct rejection,,,Coimbra,rain,3,40,Historical weather replay; overlapping forecast windows
4,2026-01-09,2026-01-10,2026-01-12,0.0911489473052167,false,false,Correct rejection,,,Coimbra,rain,3,40,Historical weather replay; overlapping forecast windows
5,2026-01-09,2026-01-10,2026-01-12,0.10358026133630871,false,false,Correct rejection,,,Coimbra,rain,3,40,Historical weather replay; overlapping forecast windows
6,2026-01-09,2026-01-10,2026-01-12,0.10358026133630871,false,false,Correct rejection,,,Coimbra,rain,3,40,Historical weather replay; overlapping forecast windows
7,2026-01-09,2026-01-10,2026-01-12,0.12581907291781036,false,false,Correct rejection,,,Coimbra,rain,3,40,Historical weather replay; overlapping forecast windows
8,2026-01-09,2026-01-10,2026-01-12,0.10723556530896568,false,false,Correct rejection,,,Coimbra,rain,3,40,Historical weather replay; overlapping forecast windows
4,2026-01-10,2026-01-11,2026-01-13,0.09900793010812055,false,true,Miss,2026-01-13,,Coimbra,rain,3,40,Historical weather replay; overlapping forecast windows
5,2026-01-10,2026-01-11,2026-01-13,0.09053186856703196,false,true,Miss,2026-01-13,,Coimbra,rain,3,40,Historical weather replay; overlapping forecast windows
6,2026-01-10,2026-01-11,2026-01-13,0.09053186856703196,false,true,Miss,2026-01-13,,Coimbra,rain,3,40,Historical weather replay; overlapping forecast windows
7,2026-01-10,2026-01-11,2026-01-13,0.10432285408188942,false,false,Correct rejection,,,Coimbra,rain,3,40,Historical weather replay; overlapping forecast windows
8,2026-01-10,2026-01-11,2026-01-13,0.11345912545331602,false,true,Miss,2026-01-13,,Coimbra,rain,3,40,Historical weather replay; overlapping forecast windows
4,2026-01-11,2026-01-12,2026-01-14,0.20130684333302132,false,true,Miss,2026-01-13,,Coimbra,rain,3,40,Historical weather replay; overlapping forecast windows
5,2026-01-11,2026-01-12,2026-01-14,0.19855818506523296,false,true,Miss,2026-01-13,,Coimbra,rain,3,40,Historical weather replay; overlapping forecast windows
6,2026-01-11,2026-01-12,2026-01-14,0.19855818506523296,false,true,Miss,2026-01-13,,Coimbra,rain,3,40,Historical weather replay; overlapping forecast windows
7,2026-01-11,2026-01-12,2026-01-14,0.2009093613839809,false,false,Correct rejection,,,Coimbra,rain,3,40,Historical weather replay; overlapping forecast windows
8,2026-01-11,2026-01-12,2026-01-14,0.2035479997220011,false,true,Miss,2026-01-13,,Coimbra,rain,3,40,Historical weather replay; overlapping forecast windows
4,2026-01-12,2026-01-13,2026-01-15,0.22952720274704014,false,true,Miss,2026-01-13,,Coimbra,rain,3,40,Historical weather replay; overlapping forecast windows
5,2026-01-12,2026-01-13,2026-01-15,0.23617392113855984,false,true,Miss,2026-01-14,,Coimbra,rain,3,40,Historical weather replay; overlapping forecast windows
6,2026-01-12,2026-01-13,2026-01-15,0.23617392113855984,false,true,Miss,2026-01-14,,Coimbra,rain,3,40,Historical weather replay; overlapping forecast windows
7,2026-01-12,2026-01-13,2026-01-15,0.27311560582767236,false,true,Miss,2026-01-15,,Coimbra,rain,3,40,Historical weather replay; overlapping forecast windows
8,2026-01-12,2026-01-13,2026-01-15,0.2613753939231186,false,true,Miss,2026-01-13,,Coimbra,rain,3,40,Historical weather replay; overlapping forecast windows
4,2026-01-13,2026-01-14,2026-01-16,0.3416629836713528,false,false,Correct rejection,,,Coimbra,rain,3,40,Historical weather replay; overlapping forecast windows
5,2026-01-13,2026-01-14,2026-01-16,0.3440617512792831,false,true,Miss,2026-01-16,,Coimbra,rain,3,40,Historical weather replay; overlapping forecast windows
6,2026-01-13,2026-01-14,2026-01-16,0.3440617512792831,false,true,Miss,2026-01-16,,Coimbra,rain,3,40,Historical weather replay; overlapping forecast windows
7,2026-01-13,2026-01-14,2026-01-16,0.38762139272385876,false,false,Correct rejection,,,Coimbra,rain,3,40,Historical weather replay; overlapping forecast windows
8,2026-01-13,2026-01-14,2026-01-16,0.3792505254126172,false,false,Correct rejection,,,Coimbra,rain,3,40,Historical weather replay; overlapping forecast windows
4,2026-01-14,2026-01-15,2026-01-17,0.12675102414319053,false,false,Correct rejection,,,Coimbra,rain,3,40,Historical weather replay; overlapping forecast windows
5,2026-01-14,2026-01-15,2026-01-17,0.12744295811572387,false,false,Correct rejection,,,Coimbra,rain,3,40,Historical weather replay; overlapping forecast windows
6,2026-01-14,2026-01-15,2026-01-17,0.12744295811572387,false,false,Correct rejection,,,Coimbra,rain,3,40,Historical weather replay; overlapping forecast windows
7,2026-01-14,2026-01-15,2026-01-17,0.17312727813986004,false,false,Correct rejection,,,Coimbra,rain,3,40,Historical weather replay; overlapping forecast windows
8,2026-01-14,2026-01-15,2026-01-17,0.16500547361492984,false,false,Correct rejection,,,Coimbra,rain,3,40,Historical weather replay; overlapping forecast windows
4,2026-01-15,2026-01-16,2026-01-18,0.20293828234715017,false,false,Correct rejection,,,Coimbra,rain,3,40,Historical weather replay; overlapping forecast windows
5,2026-01-15,2026-01-16,2026-01-18,0.20887554229963423,false,false,Correct rejection,,,Coimbra,rain,3,40,Historical weather replay; overlapping forecast windows
6,2026-01-15,2026-01-16,2026-01-18,0.20887554229963423,false,false,Correct rejection,,,Coimbra,rain,3,40,Historical weather replay; overlapping forecast windows
7,2026-01-15,2026-01-16,2026-01-18,0.2869648599452999,false,false,Correct rejection,,,Coimbra,rain,3,40,Historical weather replay; overlapping forecast windows
8,2026-01-15,2026-01-16,2026-01-18,0.2807647379946483,false,false,Correct rejection,,,Coimbra,rain,3,40,Historical weather replay; overlapping forecast windows
4,2026-01-16,2026-01-17,2026-01-19,0.18632004297569332,false,false,Correct rejection,,,Coimbra,rain,3,40,Historical weather replay; overlapping forecast windows
5,2026-01-16,2026-01-17,2026-01-19,0.19330521214674934,false,false,Correct rejection,,,Coimbra,rain,3,40,Historical weather replay; overlapping forecast windows
6,2026-01-16,2026-01-17,2026-01-19,0.19330521214674934,false,false,Correct rejection,,,Coimbra,rain,3,40,Historical weather replay; overlapping forecast windows
7,2026-01-16,2026-01-17,2026-01-19,0.2227815159301264,false,false,Correct rejection,,,Coimbra,rain,3,40,Historical weather replay; overlapping forecast windows
8,2026-01-16,2026-01-17,2026-01-19,0.2263737946052058,false,false,Correct rejection,,,Coimbra,rain,3,40,Historical weather replay; overlapping forecast windows
4,2026-01-17,2026-01-18,2026-01-20,0.13028560248663176,false,false,Correct rejection,,,Coimbra,rain,3,40,Historical weather replay; overlapping forecast windows
5,2026-01-17,2026-01-18,2026-01-20,0.13642071306625425,false,false,Correct rejection,,,Coimbra,rain,3,40,Historical weather replay; overlapping forecast windows
6,2026-01-17,2026-01-18,2026-01-20,0.13642071306625425,false,false,Correct rejection,,,Coimbra,rain,3,40,Historical weather replay; overlapping forecast windows
7,2026-01-17,2026-01-18,2026-01-20,0.16557403764515263,false,false,Correct rejection,,,Coimbra,rain,3,40,Historical weather replay; overlapping forecast windows
8,2026-01-17,2026-01-18,2026-01-20,0.1563247064543246,false,false,Correct rejection,,,Coimbra,rain,3,40,Historical weather replay; overlapping forecast windows
4,2026-01-18,2026-01-19,2026-01-21,0.0786229427806894,false,true,Miss,2026-01-21,,Coimbra,rain,3,40,Historical weather replay; overlapping forecast windows
5,2026-01-18,2026-01-19,2026-01-21,0.07818879759292853,false,true,Miss,2026-01-21,,Coimbra,rain,3,40,Historical weather replay; overlapping forecast windows
6,2026-01-18,2026-01-19,2026-01-21,0.07818879759292853,false,true,Miss,2026-01-21,,Coimbra,rain,3,40,Historical weather replay; overlapping forecast windows
7,2026-01-18,2026-01-19,2026-01-21,0.09343861477254828,false,false,Correct rejection,,,Coimbra,rain,3,40,Historical weather replay; overlapping forecast windows
8,2026-01-18,2026-01-19,2026-01-21,0.10121599501997763,false,true,Miss,2026-01-21,,Coimbra,rain,3,40,Historical weather replay; overlapping forecast windows
4,2026-01-19,2026-01-20,2026-01-22,0.09150853004480128,false,true,Miss,2026-01-21,,Coimbra,rain,3,40,Historical weather replay; overlapping forecast windows
5,2026-01-19,2026-01-20,2026-01-22,0.09441528964825205,false,true,Miss,2026-01-21,,Coimbra,rain,3,40,Historical weather replay; overlapping forecast windows
6,2026-01-19,2026-01-20,2026-01-22,0.09441528964825205,false,true,Miss,2026-01-21,,Coimbra,rain,3,40,Historical weather replay; overlapping forecast windows
7,2026-01-19,2026-01-20,2026-01-22,0.09868225175249834,false,true,Miss,2026-01-22,,Coimbra,rain,3,40,Historical weather replay; overlapping forecast windows
8,2026-01-19,2026-01-20,2026-01-22,0.09348440051683755,false,true,Miss,2026-01-21,,Coimbra,rain,3,40,Historical weather replay; overlapping forecast windows
4,2026-01-20,2026-01-21,2026-01-23,0.15955062634757722,false,true,Miss,2026-01-22,,Coimbra,rain,3,40,Historical weather replay; overlapping forecast windows
5,2026-01-20,2026-01-21,2026-01-23,0.1734681831241212,false,true,Miss,2026-01-22,,Coimbra,rain,3,40,Historical weather replay; overlapping forecast windows
6,2026-01-20,2026-01-21,2026-01-23,0.1734681831241212,false,true,Miss,2026-01-22,,Coimbra,rain,3,40,Historical weather replay; overlapping forecast windows
7,2026-01-20,2026-01-21,2026-01-23,0.17416678035783897,false,true,Miss,2026-01-22,,Coimbra,rain,3,40,Historical weather replay; overlapping forecast windows
8,2026-01-20,2026-01-21,2026-01-23,0.17467943537041572,false,true,Miss,2026-01-21,,Coimbra,rain,3,40,Historical weather replay; overlapping forecast windows
4,2026-01-21,2026-01-22,2026-01-24,0.26092107380681945,false,true,Miss,2026-01-23,,Coimbra,rain,3,40,Historical weather replay; overlapping forecast windows
5,2026-01-21,2026-01-22,2026-01-24,0.27635544182770855,false,true,Miss,2026-01-23,,Coimbra,rain,3,40,Historical weather replay; overlapping forecast windows
6,2026-01-21,2026-01-22,2026-01-24,0.27635544182770855,false,true,Miss,2026-01-23,,Coimbra,rain,3,40,Historical weather replay; overlapping forecast windows
7,2026-01-21,2026-01-22,2026-01-24,0.2914509110431854,false,true,Miss,2026-01-22,,Coimbra,rain,3,40,Historical weather replay; overlapping forecast windows
8,2026-01-21,2026-01-22,2026-01-24,0.28527401168998345,false,true,Miss,2026-01-22,,Coimbra,rain,3,40,Historical weather replay; overlapping forecast windows
4,2026-01-22,2026-01-23,2026-01-25,0.19181582384328238,false,true,Miss,2026-01-24,,Coimbra,rain,3,40,Historical weather replay; overlapping forecast windows
5,2026-01-22,2026-01-23,2026-01-25,0.21074309319377585,false,true,Miss,2026-01-24,,Coimbra,rain,3,40,Historical weather replay; overlapping forecast windows
6,2026-01-22,2026-01-23,2026-01-25,0.21074309319377585,false,true,Miss,2026-01-24,,Coimbra,rain,3,40,Historical weather replay; overlapping forecast windows
7,2026-01-22,2026-01-23,2026-01-25,0.2310525531026146,false,true,Miss,2026-01-24,,Coimbra,rain,3,40,Historical weather replay; overlapping forecast windows
8,2026-01-22,2026-01-23,2026-01-25,0.22508754341161616,false,true,Miss,2026-01-24,,Coimbra,rain,3,40,Historical weather replay; overlapping forecast windows
4,2026-01-23,2026-01-24,2026-01-26,0.2741806922397995,false,true,Miss,2026-01-25,,Coimbra,rain,3,40,Historical weather replay; overlapping forecast windows
5,2026-01-23,2026-01-24,2026-01-26,0.2738590578143554,false,true,Miss,2026-01-25,,Coimbra,rain,3,40,Historical weather replay; overlapping forecast windows
6,2026-01-23,2026-01-24,2026-01-26,0.2738590578143554,false,true,Miss,2026-01-25,,Coimbra,rain,3,40,Historical weather replay; overlapping forecast windows
7,2026-01-23,2026-01-24,2026-01-26,0.3040323919249756,false,true,Miss,2026-01-25,,Coimbra,rain,3,40,Historical weather replay; overlapping forecast windows
8,2026-01-23,2026-01-24,2026-01-26,0.32270168850099545,false,true,Miss,2026-01-25,,Coimbra,rain,3,40,Historical weather replay; overlapping forecast windows
4,2026-01-24,2026-01-25,2026-01-27,0.19619145219294296,false,true,Miss,2026-01-26,,Coimbra,rain,3,40,Historical weather replay; overlapping forecast windows
5,2026-01-24,2026-01-25,2026-01-27,0.20720909067191814,false,true,Miss,2026-01-26,,Coimbra,rain,3,40,Historical weather replay; overlapping forecast windows
6,2026-01-24,2026-01-25,2026-01-27,0.20720909067191814,false,true,Miss,2026-01-26,,Coimbra,rain,3,40,Historical weather replay; overlapping forecast windows
7,2026-01-24,2026-01-25,2026-01-27,0.24994450029697945,false,true,Miss,2026-01-26,,Coimbra,rain,3,40,Historical weather replay; overlapping forecast windows
8,2026-01-24,2026-01-25,2026-01-27,0.24508538990663778,false,true,Miss,2026-01-26,,Coimbra,rain,3,40,Historical weather replay; overlapping forecast windows
4,2026-01-25,2026-01-26,2026-01-28,0.24112208144415875,false,true,Miss,2026-01-27,,Coimbra,rain,3,40,Historical weather replay; overlapping forecast windows
5,2026-01-25,2026-01-26,2026-01-28,0.28776946640910556,false,true,Miss,2026-01-27,,Coimbra,rain,3,40,Historical weather replay; overlapping forecast windows
6,2026-01-25,2026-01-26,2026-01-28,0.28776946640910556,false,true,Miss,2026-01-27,,Coimbra,rain,3,40,Historical weather replay; overlapping forecast windows
7,2026-01-25,2026-01-26,2026-01-28,0.3492337972840362,false,true,Miss,2026-01-27,,Coimbra,rain,3,40,Historical weather replay; overlapping forecast windows
8,2026-01-25,2026-01-26,2026-01-28,0.30473877294423285,false,true,Miss,2026-01-26,,Coimbra,rain,3,40,Historical weather replay; overlapping forecast windows
4,2026-01-26,2026-01-27,2026-01-29,0.4128990356299859,true,true,Hit,2026-01-27,1,Coimbra,rain,3,40,Historical weather replay; overlapping forecast windows
5,2026-01-26,2026-01-27,2026-01-29,0.43015920401030494,true,true,Hit,2026-01-27,1,Coimbra,rain,3,40,Historical weather replay; overlapping forecast windows
6,2026-01-26,2026-01-27,2026-01-29,0.43015920401030494,true,true,Hit,2026-01-27,1,Coimbra,rain,3,40,Historical weather replay; overlapping forecast windows
7,2026-01-26,2026-01-27,2026-01-29,0.46834074888897487,true,true,Hit,2026-01-27,1,Coimbra,rain,3,40,Historical weather replay; overlapping forecast windows
8,2026-01-26,2026-01-27,2026-01-29,0.49544383543060994,true,true,Hit,2026-01-27,1,Coimbra,rain,3,40,Historical weather replay; overlapping forecast windows
4,2026-01-27,2026-01-28,2026-01-30,0.566832824871106,true,true,Hit,2026-01-28,1,Coimbra,rain,3,40,Historical weather replay; overlapping forecast windows
5,2026-01-27,2026-01-28,2026-01-30,0.5897040958779903,true,true,Hit,2026-01-28,1,Coimbra,rain,3,40,Historical weather replay; overlapping forecast windows
6,2026-01-27,2026-01-28,2026-01-30,0.5897040958779903,true,true,Hit,2026-01-28,1,Coimbra,rain,3,40,Historical weather replay; overlapping forecast windows
7,2026-01-27,2026-01-28,2026-01-30,0.6529890565157483,true,true,Hit,2026-01-28,1,Coimbra,rain,3,40,Historical weather replay; overlapping forecast windows
8,2026-01-27,2026-01-28,2026-01-30,0.6658832883821063,true,true,Hit,2026-01-28,1,Coimbra,rain,3,40,Historical weather replay; overlapping forecast windows
4,2026-01-28,2026-01-29,2026-01-31,0.6414693514103241,true,true,Hit,2026-01-29,1,Coimbra,rain,3,40,Historical weather replay; overlapping forecast windows
5,2026-01-28,2026-01-29,2026-01-31,0.6744946827189867,true,true,Hit,2026-01-29,1,Coimbra,rain,3,40,Historical weather replay; overlapping forecast windows
6,2026-01-28,2026-01-29,2026-01-31,0.6744946827189867,true,true,Hit,2026-01-29,1,Coimbra,rain,3,40,Historical weather replay; overlapping forecast windows
7,2026-01-28,2026-01-29,2026-01-31,0.7321303521318471,true,true,Hit,2026-01-29,1,Coimbra,rain,3,40,Historical weather replay; overlapping forecast windows
8,2026-01-28,2026-01-29,2026-01-31,0.7374076463095346,true,true,Hit,2026-01-29,1,Coimbra,rain,3,40,Historical weather replay; overlapping forecast windows
4,2026-01-29,2026-01-30,2026-02-01,0.48182013631602116,true,true,Hit,2026-02-01,3,Coimbra,rain,3,40,Historical weather replay; overlapping forecast windows
5,2026-01-29,2026-01-30,2026-02-01,0.484344139272494,true,true,Hit,2026-02-01,3,Coimbra,rain,3,40,Historical weather replay; overlapping forecast windows
6,2026-01-29,2026-01-30,2026-02-01,0.484344139272494,true,true,Hit,2026-02-01,3,Coimbra,rain,3,40,Historical weather replay; overlapping forecast windows
7,2026-01-29,2026-01-30,2026-02-01,0.5581615925084414,true,true,Hit,2026-02-01,3,Coimbra,rain,3,40,Historical weather replay; overlapping forecast windows
8,2026-01-29,2026-01-30,2026-02-01,0.5999971559192755,true,true,Hit,2026-02-01,3,Coimbra,rain,3,40,Historical weather replay; overlapping forecast windows
4,2026-01-30,2026-01-31,2026-02-02,0.3789577778301816,false,true,Miss,2026-02-02,,Coimbra,rain,3,40,Historical weather replay; overlapping forecast windows
5,2026-01-30,2026-01-31,2026-02-02,0.3932505499939727,false,true,Miss,2026-02-02,,Coimbra,rain,3,40,Historical weather replay; overlapping forecast windows
6,2026-01-30,2026-01-31,2026-02-02,0.3932505499939727,false,true,Miss,2026-02-02,,Coimbra,rain,3,40,Historical weather replay; overlapping forecast windows
7,2026-01-30,2026-01-31,2026-02-02,0.5003096877542498,true,true,Hit,2026-02-01,2,Coimbra,rain,3,40,Historical weather replay; overlapping forecast windows
8,2026-01-30,2026-01-31,2026-02-02,0.5299588925852401,true,true,Hit,2026-02-01,2,Coimbra,rain,3,40,Historical weather replay; overlapping forecast windows
4,2026-01-31,2026-02-01,2026-02-03,0.36488640718720633,false,true,Miss,2026-02-02,,Coimbra,rain,3,40,Historical weather replay; overlapping forecast windows
5,2026-01-31,2026-02-01,2026-02-03,0.3802829777176071,false,true,Miss,2026-02-02,,Coimbra,rain,3,40,Historical weather replay; overlapping forecast windows
6,2026-01-31,2026-02-01,2026-02-03,0.3802829777176071,false,true,Miss,2026-02-02,,Coimbra,rain,3,40,Historical weather replay; overlapping forecast windows
7,2026-01-31,2026-02-01,2026-02-03,0.5454230322554713,true,true,Hit,2026-02-02,2,Coimbra,rain,3,40,Historical weather replay; overlapping forecast windows
8,2026-01-31,2026-02-01,2026-02-03,0.5530430832687788,true,true,Hit,2026-02-02,2,Coimbra,rain,3,40,Historical weather replay; overlapping forecast windows
4,2026-02-01,2026-02-02,2026-02-04,0.6847406637582021,true,true,Hit,2026-02-02,1,Coimbra,rain,3,40,Historical weather replay; overlapping forecast windows
5,2026-02-01,2026-02-02,2026-02-04,0.6920585048961141,true,true,Hit,2026-02-02,1,Coimbra,rain,3,40,Historical weather replay; overlapping forecast windows
6,2026-02-01,2026-02-02,2026-02-04,0.6920585048961141,true,true,Hit,2026-02-02,1,Coimbra,rain,3,40,Historical weather replay; overlapping forecast windows
7,2026-02-01,2026-02-02,2026-02-04,0.8113253070379219,true,true,Hit,2026-02-02,1,Coimbra,rain,3,40,Historical weather replay; overlapping forecast windows
8,2026-02-01,2026-02-02,2026-02-04,0.8192079540089299,true,true,Hit,2026-02-02,1,Coimbra,rain,3,40,Historical weather replay; overlapping forecast windows
4,2026-02-02,2026-02-03,2026-02-05,0.7267911498833932,true,true,Hit,2026-02-03,1,Coimbra,rain,3,40,Historical weather replay; overlapping forecast windows
5,2026-02-02,2026-02-03,2026-02-05,0.7498705260553712,true,true,Hit,2026-02-03,1,Coimbra,rain,3,40,Historical weather replay; overlapping forecast windows
6,2026-02-02,2026-02-03,2026-02-05,0.7498705260553712,true,true,Hit,2026-02-03,1,Coimbra,rain,3,40,Historical weather replay; overlapping forecast windows
7,2026-02-02,2026-02-03,2026-02-05,0.8648622660949995,true,true,Hit,2026-02-04,2,Coimbra,rain,3,40,Historical weather replay; overlapping forecast windows
8,2026-02-02,2026-02-03,2026-02-05,0.8580500769816115,true,true,Hit,2026-02-03,1,Coimbra,rain,3,40,Historical weather replay; overlapping forecast windows
4,2026-02-03,2026-02-04,2026-02-06,0.6839026214684383,true,true,Hit,2026-02-04,1,Coimbra,rain,3,40,Historical weather replay; overlapping forecast windows
5,2026-02-03,2026-02-04,2026-02-06,0.7194913679172538,true,true,Hit,2026-02-04,1,Coimbra,rain,3,40,Historical weather replay; overlapping forecast windows
6,2026-02-03,2026-02-04,2026-02-06,0.7194913679172538,true,true,Hit,2026-02-04,1,Coimbra,rain,3,40,Historical weather replay; overlapping forecast windows
7,2026-02-03,2026-02-04,2026-02-06,0.8284942309963511,true,true,Hit,2026-02-04,1,Coimbra,rain,3,40,Historical weather replay; overlapping forecast windows
8,2026-02-03,2026-02-04,2026-02-06,0.805296205133841,true,true,Hit,2026-02-04,1,Coimbra,rain,3,40,Historical weather replay; overlapping forecast windows
4,2026-02-04,2026-02-05,2026-02-07,0.70032311036238,true,true,Hit,2026-02-05,1,Coimbra,rain,3,40,Historical weather replay; overlapping forecast windows
5,2026-02-04,2026-02-05,2026-02-07,0.7393837511393383,true,true,Hit,2026-02-05,1,Coimbra,rain,3,40,Historical weather replay; overlapping forecast windows
6,2026-02-04,2026-02-05,2026-02-07,0.7393837511393383,true,true,Hit,2026-02-05,1,Coimbra,rain,3,40,Historical weather replay; overlapping forecast windows
7,2026-02-04,2026-02-05,2026-02-07,0.8366832858386599,true,true,Hit,2026-02-05,1,Coimbra,rain,3,40,Historical weather replay; overlapping forecast windows
8,2026-02-04,2026-02-05,2026-02-07,0.8203087913752527,true,true,Hit,2026-02-05,1,Coimbra,rain,3,40,Historical weather replay; overlapping forecast windows
4,2026-02-05,2026-02-06,2026-02-08,0.5440319680177423,true,true,Hit,2026-02-07,2,Coimbra,rain,3,40,Historical weather replay; overlapping forecast windows
5,2026-02-05,2026-02-06,2026-02-08,0.5892784259466817,true,true,Hit,2026-02-07,2,Coimbra,rain,3,40,Historical weather replay; overlapping forecast windows
6,2026-02-05,2026-02-06,2026-02-08,0.5892784259466817,true,true,Hit,2026-02-07,2,Coimbra,rain,3,40,Historical weather replay; overlapping forecast windows
7,2026-02-05,2026-02-06,2026-02-08,0.7148619209481446,true,true,Hit,2026-02-07,2,Coimbra,rain,3,40,Historical weather replay; overlapping forecast windows
8,2026-02-05,2026-02-06,2026-02-08,0.6925045794933581,true,true,Hit,2026-02-06,1,Coimbra,rain,3,40,Historical weather replay; overlapping forecast windows
4,2026-02-06,2026-02-07,2026-02-09,0.45509593483963257,true,true,Hit,2026-02-07,1,Coimbra,rain,3,40,Historical weather replay; overlapping forecast windows
5,2026-02-06,2026-02-07,2026-02-09,0.5115210333555854,true,true,Hit,2026-02-07,1,Coimbra,rain,3,40,Historical weather replay; overlapping forecast windows
6,2026-02-06,2026-02-07,2026-02-09,0.5115210333555854,true,true,Hit,2026-02-07,1,Coimbra,rain,3,40,Historical weather replay; overlapping forecast windows
7,2026-02-06,2026-02-07,2026-02-09,0.6878853164697445,true,true,Hit,2026-02-07,1,Coimbra,rain,3,40,Historical weather replay; overlapping forecast windows
8,2026-02-06,2026-02-07,2026-02-09,0.6760806116237573,true,true,Hit,2026-02-07,1,Coimbra,rain,3,40,Historical weather replay; overlapping forecast windows
4,2026-02-07,2026-02-08,2026-02-10,0.636951063425419,true,true,Hit,2026-02-09,2,Coimbra,rain,3,40,Historical weather replay; overlapping forecast windows
5,2026-02-07,2026-02-08,2026-02-10,0.667111556722766,true,true,Hit,2026-02-09,2,Coimbra,rain,3,40,Historical weather replay; overlapping forecast windows
6,2026-02-07,2026-02-08,2026-02-10,0.667111556722766,true,true,Hit,2026-02-09,2,Coimbra,rain,3,40,Historical weather replay; overlapping forecast windows
7,2026-02-07,2026-02-08,2026-02-10,0.8017970145699886,true,true,Hit,2026-02-09,2,Coimbra,rain,3,40,Historical weather replay; overlapping forecast windows
8,2026-02-07,2026-02-08,2026-02-10,0.8120980775007639,true,true,Hit,2026-02-09,2,Coimbra,rain,3,40,Historical weather replay; overlapping forecast windows
4,2026-02-08,2026-02-09,2026-02-11,0.5651925503364708,true,true,Hit,2026-02-10,2,Coimbra,rain,3,40,Historical weather replay; overlapping forecast windows
5,2026-02-08,2026-02-09,2026-02-11,0.6110982390047845,true,true,Hit,2026-02-10,2,Coimbra,rain,3,40,Historical weather replay; overlapping forecast windows
6,2026-02-08,2026-02-09,2026-02-11,0.6110982390047845,true,true,Hit,2026-02-10,2,Coimbra,rain,3,40,Historical weather replay; overlapping forecast windows
7,2026-02-08,2026-02-09,2026-02-11,0.7947691365577483,true,true,Hit,2026-02-10,2,Coimbra,rain,3,40,Historical weather replay; overlapping forecast windows
8,2026-02-08,2026-02-09,2026-02-11,0.7959942413125248,true,true,Hit,2026-02-10,2,Coimbra,rain,3,40,Historical weather replay; overlapping forecast windows
4,2026-02-09,2026-02-10,2026-02-12,0.6281207900679927,true,true,Hit,2026-02-10,1,Coimbra,rain,3,40,Historical weather replay; overlapping forecast windows
5,2026-02-09,2026-02-10,2026-02-12,0.6673187086898562,true,true,Hit,2026-02-10,1,Coimbra,rain,3,40,Historical weather replay; overlapping forecast windows
6,2026-02-09,2026-02-10,2026-02-12,0.6673187086898562,true,true,Hit,2026-02-10,1,Coimbra,rain,3,40,Historical weather replay; overlapping forecast windows
7,2026-02-09,2026-02-10,2026-02-12,0.8077512503493336,true,true,Hit,2026-02-10,1,Coimbra,rain,3,40,Historical weather replay; overlapping forecast windows
8,2026-02-09,2026-02-10,2026-02-12,0.826397107950574,true,true,Hit,2026-02-10,1,Coimbra,rain,3,40,Historical weather replay; overlapping forecast windows
4,2026-02-10,2026-02-11,2026-02-13,0.6040823410302921,true,true,Hit,2026-02-11,1,Coimbra,rain,3,40,Historical weather replay; overlapping forecast windows
5,2026-02-10,2026-02-11,2026-02-13,0.6406765696386488,true,true,Hit,2026-02-11,1,Coimbra,rain,3,40,Historical weather replay; overlapping forecast windows
6,2026-02-10,2026-02-11,2026-02-13,0.6406765696386488,true,true,Hit,2026-02-11,1,Coimbra,rain,3,40,Historical weather replay; overlapping forecast windows
7,2026-02-10,2026-02-11,2026-02-13,0.7945057943917895,true,true,Hit,2026-02-11,1,Coimbra,rain,3,40,Historical weather replay; overlapping forecast windows
8,2026-02-10,2026-02-11,2026-02-13,0.7958347534085961,true,true,Hit,2026-02-11,1,Coimbra,rain,3,40,Historical weather replay; overlapping forecast windows
4,2026-02-11,2026-02-12,2026-02-14,0.6569858511391511,true,true,Hit,2026-02-13,2,Coimbra,rain,3,40,Historical weather replay; overlapping forecast windows
5,2026-02-11,2026-02-12,2026-02-14,0.6570468657676434,true,true,Hit,2026-02-13,2,Coimbra,rain,3,40,Historical weather replay; overlapping forecast windows
6,2026-02-11,2026-02-12,2026-02-14,0.6570468657676434,true,true,Hit,2026-02-13,2,Coimbra,rain,3,40,Historical weather replay; overlapping forecast windows
7,2026-02-11,2026-02-12,2026-02-14,0.7895123119771811,true,true,Hit,2026-02-13,2,Coimbra,rain,3,40,Historical weather replay; overlapping forecast windows
8,2026-02-11,2026-02-12,2026-02-14,0.8229813258556519,true,true,Hit,2026-02-13,2,Coimbra,rain,3,40,Historical weather replay; overlapping forecast windows
4,2026-02-12,2026-02-13,2026-02-15,0.4502825965243044,true,true,Hit,2026-02-13,1,Coimbra,rain,3,40,Historical weather replay; overlapping forecast windows
5,2026-02-12,2026-02-13,2026-02-15,0.4442677527886321,true,true,Hit,2026-02-13,1,Coimbra,rain,3,40,Historical weather replay; overlapping forecast windows
6,2026-02-12,2026-02-13,2026-02-15,0.4442677527886321,true,true,Hit,2026-02-13,1,Coimbra,rain,3,40,Historical weather replay; overlapping forecast windows
7,2026-02-12,2026-02-13,2026-02-15,0.5962597906193907,true,true,Hit,2026-02-13,1,Coimbra,rain,3,40,Historical weather replay; overlapping forecast windows
8,2026-02-12,2026-02-13,2026-02-15,0.6266252867076401,true,true,Hit,2026-02-13,1,Coimbra,rain,3,40,Historical weather replay; overlapping forecast windows
4,2026-02-13,2026-02-14,2026-02-16,0.676680240507804,true,false,False alarm,,,Coimbra,rain,3,40,Historical weather replay; overlapping forecast windows
5,2026-02-13,2026-02-14,2026-02-16,0.698919482248032,true,false,False alarm,,,Coimbra,rain,3,40,Historical weather replay; overlapping forecast windows
6,2026-02-13,2026-02-14,2026-02-16,0.698919482248032,true,false,False alarm,,,Coimbra,rain,3,40,Historical weather replay; overlapping forecast windows
7,2026-02-13,2026-02-14,2026-02-16,0.7984925940200979,true,false,False alarm,,,Coimbra,rain,3,40,Historical weather replay; overlapping forecast windows
8,2026-02-13,2026-02-14,2026-02-16,0.7992399301947463,true,false,False alarm,,,Coimbra,rain,3,40,Historical weather replay; overlapping forecast windows
4,2026-02-14,2026-02-15,2026-02-17,0.16089894924896975,false,false,Correct rejection,,,Coimbra,rain,3,40,Historical weather replay; overlapping forecast windows
5,2026-02-14,2026-02-15,2026-02-17,0.16527446570329754,false,false,Correct rejection,,,Coimbra,rain,3,40,Historical weather replay; overlapping forecast windows
6,2026-02-14,2026-02-15,2026-02-17,0.16527446570329754,false,false,Correct rejection,,,Coimbra,rain,3,40,Historical weather replay; overlapping forecast windows
7,2026-02-14,2026-02-15,2026-02-17,0.23487584104942122,false,false,Correct rejection,,,Coimbra,rain,3,40,Historical weather replay; overlapping forecast windows
8,2026-02-14,2026-02-15,2026-02-17,0.2524556429066643,false,false,Correct rejection,,,Coimbra,rain,3,40,Historical weather replay; overlapping forecast windows
4,2026-02-15,2026-02-16,2026-02-18,0.3692566821515254,false,false,Correct rejection,,,Coimbra,rain,3,40,Historical weather replay; overlapping forecast windows
5,2026-02-15,2026-02-16,2026-02-18,0.3543220702311775,false,false,Correct rejection,,,Coimbra,rain,3,40,Historical weather replay; overlapping forecast windows
6,2026-02-15,2026-02-16,2026-02-18,0.3543220702311775,false,false,Correct rejection,,,Coimbra,rain,3,40,Historical weather replay; overlapping forecast windows
7,2026-02-15,2026-02-16,2026-02-18,0.4635056648412917,true,false,False alarm,,,Coimbra,rain,3,40,Historical weather replay; overlapping forecast windows
8,2026-02-15,2026-02-16,2026-02-18,0.5304918428609509,true,false,False alarm,,,Coimbra,rain,3,40,Historical weather replay; overlapping forecast windows
4,2026-02-16,2026-02-17,2026-02-19,0.3561506709175593,false,false,Correct rejection,,,Coimbra,rain,3,40,Historical weather replay; overlapping forecast windows
5,2026-02-16,2026-02-17,2026-02-19,0.34520188449605343,false,false,Correct rejection,,,Coimbra,rain,3,40,Historical weather replay; overlapping forecast windows
6,2026-02-16,2026-02-17,2026-02-19,0.34520188449605343,false,false,Correct rejection,,,Coimbra,rain,3,40,Historical weather replay; overlapping forecast windows
7,2026-02-16,2026-02-17,2026-02-19,0.46564383135659737,true,false,False alarm,,,Coimbra,rain,3,40,Historical weather replay; overlapping forecast windows
8,2026-02-16,2026-02-17,2026-02-19,0.5228306999618935,true,false,False alarm,,,Coimbra,rain,3,40,Historical weather replay; overlapping forecast windows
4,2026-02-17,2026-02-18,2026-02-20,0.3171272132011888,false,false,Correct rejection,,,Coimbra,rain,3,40,Historical weather replay; overlapping forecast windows
5,2026-02-17,2026-02-18,2026-02-20,0.32692781814874605,false,false,Correct rejection,,,Coimbra,rain,3,40,Historical weather replay; overlapping forecast windows
6,2026-02-17,2026-02-18,2026-02-20,0.32692781814874605,false,false,Correct rejection,,,Coimbra,rain,3,40,Historical weather replay; overlapping forecast windows
7,2026-02-17,2026-02-18,2026-02-20,0.42744339210567744,true,false,False alarm,,,Coimbra,rain,3,40,Historical weather replay; overlapping forecast windows
8,2026-02-17,2026-02-18,2026-02-20,0.45287692207169494,true,false,False alarm,,,Coimbra,rain,3,40,Historical weather replay; overlapping forecast windows
4,2026-02-18,2026-02-19,2026-02-21,0.26910684461998174,false,false,Correct rejection,,,Coimbra,rain,3,40,Historical weather replay; overlapping forecast windows
5,2026-02-18,2026-02-19,2026-02-21,0.28786932982508684,false,false,Correct rejection,,,Coimbra,rain,3,40,Historical weather replay; overlapping forecast windows
6,2026-02-18,2026-02-19,2026-02-21,0.28786932982508684,false,false,Correct rejection,,,Coimbra,rain,3,40,Historical weather replay; overlapping forecast windows
7,2026-02-18,2026-02-19,2026-02-21,0.32973427231572794,false,false,Correct rejection,,,Coimbra,rain,3,40,Historical weather replay; overlapping forecast windows
8,2026-02-18,2026-02-19,2026-02-21,0.3415716206512504,false,false,Correct rejection,,,Coimbra,rain,3,40,Historical weather replay; overlapping forecast windows
4,2026-02-19,2026-02-20,2026-02-22,0.07966134192799795,false,false,Correct rejection,,,Coimbra,rain,3,40,Historical weather replay; overlapping forecast windows
5,2026-02-19,2026-02-20,2026-02-22,0.10238593106446889,false,false,Correct rejection,,,Coimbra,rain,3,40,Historical weather replay; overlapping forecast windows
6,2026-02-19,2026-02-20,2026-02-22,0.06497876522316058,false,false,Correct rejection,,,Coimbra,rain,3,40,Historical weather replay; overlapping forecast windows
7,2026-02-19,2026-02-20,2026-02-22,0.03946209704449634,false,false,Correct rejection,,,Coimbra,rain,3,40,Historical weather replay; overlapping forecast windows
8,2026-02-19,2026-02-20,2026-02-22,0.05892922773675684,false,false,Correct rejection,,,Coimbra,rain,3,40,Historical weather replay; overlapping forecast windows
4,2026-02-20,2026-02-21,2026-02-23,0.027077124248496207,false,false,Correct rejection,,,Coimbra,rain,3,40,Historical weather replay; overlapping forecast windows
5,2026-02-20,2026-02-21,2026-02-23,0.02507983060090747,false,false,Correct rejection,,,Coimbra,rain,3,40,Historical weather replay; overlapping forecast windows
6,2026-02-20,2026-02-21,2026-02-23,0.020893328868070018,false,false,Correct rejection,,,Coimbra,rain,3,40,Historical weather replay; overlapping forecast windows
7,2026-02-20,2026-02-21,2026-02-23,0.013307970716839973,false,false,Correct rejection,,,Coimbra,rain,3,40,Historical weather replay; overlapping forecast windows
8,2026-02-20,2026-02-21,2026-02-23,0.018971970694795722,false,false,Correct rejection,,,Coimbra,rain,3,40,Historical weather replay; overlapping forecast windows
4,2026-02-21,2026-02-22,2026-02-24,0.015100181612766782,false,false,Correct rejection,,,Coimbra,rain,3,40,Historical weather replay; overlapping forecast windows
5,2026-02-21,2026-02-22,2026-02-24,0.014695379864168127,false,false,Correct rejection,,,Coimbra,rain,3,40,Historical weather replay; overlapping forecast windows
6,2026-02-21,2026-02-22,2026-02-24,0.011873357106165274,false,false,Correct rejection,,,Coimbra,rain,3,40,Historical weather replay; overlapping forecast windows
7,2026-02-21,2026-02-22,2026-02-24,0.007832869639608239,false,false,Correct rejection,,,Coimbra,rain,3,40,Historical weather replay; overlapping forecast windows
8,2026-02-21,2026-02-22,2026-02-24,0.010836885181620959,false,false,Correct rejection,,,Coimbra,rain,3,40,Historical weather replay; overlapping forecast windows
4,2026-02-22,2026-02-23,2026-02-25,0.018142990755789883,false,false,Correct rejection,,,Coimbra,rain,3,40,Historical weather replay; overlapping forecast windows
5,2026-02-22,2026-02-23,2026-02-25,0.01845602159993612,false,false,Correct rejection,,,Coimbra,rain,3,40,Historical weather replay; overlapping forecast windows
6,2026-02-22,2026-02-23,2026-02-25,0.017090226211991563,false,false,Correct rejection,,,Coimbra,rain,3,40,Historical weather replay; overlapping forecast windows
7,2026-02-22,2026-02-23,2026-02-25,0.017718520260007534,false,false,Correct rejection,,,Coimbra,rain,3,40,Historical weather replay; overlapping forecast windows
8,2026-02-22,2026-02-23,2026-02-25,0.019532379892218153,false,false,Correct rejection,,,Coimbra,rain,3,40,Historical weather replay; overlapping forecast windows
4,2026-02-23,2026-02-24,2026-02-26,0.06955186090321638,false,false,Correct rejection,,,Coimbra,rain,3,40,Historical weather replay; overlapping forecast windows
5,2026-02-23,2026-02-24,2026-02-26,0.07664754964426337,false,false,Correct rejection,,,Coimbra,rain,3,40,Historical weather replay; overlapping forecast windows
6,2026-02-23,2026-02-24,2026-02-26,0.06758321711668495,false,false,Correct rejection,,,Coimbra,rain,3,40,Historical weather replay; overlapping forecast windows
7,2026-02-23,2026-02-24,2026-02-26,0.07011468041889211,false,false,Correct rejection,,,Coimbra,rain,3,40,Historical weather replay; overlapping forecast windows
8,2026-02-23,2026-02-24,2026-02-26,0.07257916906715249,false,false,Correct rejection,,,Coimbra,rain,3,40,Historical weather replay; overlapping forecast windows
4,2026-02-24,2026-02-25,2026-02-27,0.07382363086871041,false,false,Correct rejection,,,Coimbra,rain,3,40,Historical weather replay; overlapping forecast windows
5,2026-02-24,2026-02-25,2026-02-27,0.08578955205068403,false,false,Correct rejection,,,Coimbra,rain,3,40,Historical weather replay; overlapping forecast windows
6,2026-02-24,2026-02-25,2026-02-27,0.07220878060263158,false,false,Correct rejection,,,Coimbra,rain,3,40,Historical weather replay; overlapping forecast windows
7,2026-02-24,2026-02-25,2026-02-27,0.0744209536121794,false,false,Correct rejection,,,Coimbra,rain,3,40,Historical weather replay; overlapping forecast windows
8,2026-02-24,2026-02-25,2026-02-27,0.07635698588309445,false,false,Correct rejection,,,Coimbra,rain,3,40,Historical weather replay; overlapping forecast windows
4,2026-02-25,2026-02-26,2026-02-28,0.11005454645855567,false,false,Correct rejection,,,Coimbra,rain,3,40,Historical weather replay; overlapping forecast windows
5,2026-02-25,2026-02-26,2026-02-28,0.12379335574651709,false,false,Correct rejection,,,Coimbra,rain,3,40,Historical weather replay; overlapping forecast windows
6,2026-02-25,2026-02-26,2026-02-28,0.11005454645855567,false,false,Correct rejection,,,Coimbra,rain,3,40,Historical weather replay; overlapping forecast windows
7,2026-02-25,2026-02-26,2026-02-28,0.11005454645855567,false,false,Correct rejection,,,Coimbra,rain,3,40,Historical weather replay; overlapping forecast windows
8,2026-02-25,2026-02-26,2026-02-28,0.11005454645855567,false,false,Correct rejection,,,Coimbra,rain,3,40,Historical weather replay; overlapping forecast windows
4,2026-02-26,2026-02-27,2026-03-01,0.03735019516813742,false,false,Correct rejection,,,Coimbra,rain,3,40,Historical weather replay; overlapping forecast windows
5,2026-02-26,2026-02-27,2026-03-01,0.04239477247110467,false,false,Correct rejection,,,Coimbra,rain,3,40,Historical weather replay; overlapping forecast windows
6,2026-02-26,2026-02-27,2026-03-01,0.03735019516813742,false,false,Correct rejection,,,Coimbra,rain,3,40,Historical weather replay; overlapping forecast windows
7,2026-02-26,2026-02-27,2026-03-01,0.03735019516813742,false,false,Correct rejection,,,Coimbra,rain,3,40,Historical weather replay; overlapping forecast windows
8,2026-02-26,2026-02-27,2026-03-01,0.03735019516813742,false,false,Correct rejection,,,Coimbra,rain,3,40,Historical weather replay; overlapping forecast windows
4,2026-02-27,2026-02-28,2026-03-02,0.0473598693898997,false,false,Correct rejection,,,Coimbra,rain,3,40,Historical weather replay; overlapping forecast windows
5,2026-02-27,2026-02-28,2026-03-02,0.06009217272623536,false,false,Correct rejection,,,Coimbra,rain,3,40,Historical weather replay; overlapping forecast windows
6,2026-02-27,2026-02-28,2026-03-02,0.0473598693898997,false,false,Correct rejection,,,Coimbra,rain,3,40,Historical weather replay; overlapping forecast windows
7,2026-02-27,2026-02-28,2026-03-02,0.0473598693898997,false,false,Correct rejection,,,Coimbra,rain,3,40,Historical weather replay; overlapping forecast windows
8,2026-02-27,2026-02-28,2026-03-02,0.0473598693898997,false,false,Correct rejection,,,Coimbra,rain,3,40,Historical weather replay; overlapping forecast windows
4,2026-02-28,2026-03-01,2026-03-03,0.032962569372089814,false,false,Correct rejection,,,Coimbra,rain,3,40,Historical weather replay; overlapping forecast windows
5,2026-02-28,2026-03-01,2026-03-03,0.03734939181750087,false,false,Correct rejection,,,Coimbra,rain,3,40,Historical weather replay; overlapping forecast windows
6,2026-02-28,2026-03-01,2026-03-03,0.032962569372089814,false,false,Correct rejection,,,Coimbra,rain,3,40,Historical weather replay; overlapping forecast windows
7,2026-02-28,2026-03-01,2026-03-03,0.032962569372089814,false,false,Correct rejection,,,Coimbra,rain,3,40,Historical weather replay; overlapping forecast windows
8,2026-02-28,2026-03-01,2026-03-03,0.032962569372089814,false,false,Correct rejection,,,Coimbra,rain,3,40,Historical weather replay; overlapping forecast windows
4,2026-03-01,2026-03-02,2026-03-04,0.042881107803921625,false,false,Correct rejection,,,Coimbra,rain,3,40,Historical weather replay; overlapping forecast windows
5,2026-03-01,2026-03-02,2026-03-04,0.04426995401724933,false,false,Correct rejection,,,Coimbra,rain,3,40,Historical weather replay; overlapping forecast windows
6,2026-03-01,2026-03-02,2026-03-04,0.042881107803921625,false,false,Correct rejection,,,Coimbra,rain,3,40,Historical weather replay; overlapping forecast windows
7,2026-03-01,2026-03-02,2026-03-04,0.042881107803921625,false,false,Correct rejection,,,Coimbra,rain,3,40,Historical weather replay; overlapping forecast windows
8,2026-03-01,2026-03-02,2026-03-04,0.042881107803921625,false,false,Correct rejection,,,Coimbra,rain,3,40,Historical weather replay; overlapping forecast windows
4,2026-03-02,2026-03-03,2026-03-05,0.2272154815067464,false,false,Correct rejection,,,Coimbra,rain,3,40,Historical weather replay; overlapping forecast windows
5,2026-03-02,2026-03-03,2026-03-05,0.23504041925618213,false,false,Correct rejection,,,Coimbra,rain,3,40,Historical weather replay; overlapping forecast windows
6,2026-03-02,2026-03-03,2026-03-05,0.2272154815067464,false,false,Correct rejection,,,Coimbra,rain,3,40,Historical weather replay; overlapping forecast windows
7,2026-03-02,2026-03-03,2026-03-05,0.2272154815067464,false,false,Correct rejection,,,Coimbra,rain,3,40,Historical weather replay; overlapping forecast windows
8,2026-03-02,2026-03-03,2026-03-05,0.2272154815067464,false,false,Correct rejection,,,Coimbra,rain,3,40,Historical weather replay; overlapping forecast windows
4,2026-03-03,2026-03-04,2026-03-06,0.0823957794124987,false,false,Correct rejection,,,Coimbra,rain,3,40,Historical weather replay; overlapping forecast windows
5,2026-03-03,2026-03-04,2026-03-06,0.1076868177744757,false,false,Correct rejection,,,Coimbra,rain,3,40,Historical weather replay; overlapping forecast windows
6,2026-03-03,2026-03-04,2026-03-06,0.0823957794124987,false,false,Correct rejection,,,Coimbra,rain,3,40,Historical weather replay; overlapping forecast windows
7,2026-03-03,2026-03-04,2026-03-06,0.0823957794124987,false,false,Correct rejection,,,Coimbra,rain,3,40,Historical weather replay; overlapping forecast windows
8,2026-03-03,2026-03-04,2026-03-06,0.0823957794124987,false,false,Correct rejection,,,Coimbra,rain,3,40,Historical weather replay; overlapping forecast windows
4,2026-03-04,2026-03-05,2026-03-07,0.032868011875834574,false,false,Correct rejection,,,Coimbra,rain,3,40,Historical weather replay; overlapping forecast windows
5,2026-03-04,2026-03-05,2026-03-07,0.042521943829619296,false,false,Correct rejection,,,Coimbra,rain,3,40,Historical weather replay; overlapping forecast windows
6,2026-03-04,2026-03-05,2026-03-07,0.032868011875834574,false,false,Correct rejection,,,Coimbra,rain,3,40,Historical weather replay; overlapping forecast windows
7,2026-03-04,2026-03-05,2026-03-07,0.032868011875834574,false,false,Correct rejection,,,Coimbra,rain,3,40,Historical weather replay; overlapping forecast windows
8,2026-03-04,2026-03-05,2026-03-07,0.032868011875834574,false,false,Correct rejection,,,Coimbra,rain,3,40,Historical weather replay; overlapping forecast windows
4,2026-03-05,2026-03-06,2026-03-08,0.10605631853273058,false,false,Correct rejection,,,Coimbra,rain,3,40,Historical weather replay; overlapping forecast windows
5,2026-03-05,2026-03-06,2026-03-08,0.13280633812595247,false,false,Correct rejection,,,Coimbra,rain,3,40,Historical weather replay; overlapping forecast windows
6,2026-03-05,2026-03-06,2026-03-08,0.10605631853273058,false,false,Correct rejection,,,Coimbra,rain,3,40,Historical weather replay; overlapping forecast windows
7,2026-03-05,2026-03-06,2026-03-08,0.10605631853273058,false,false,Correct rejection,,,Coimbra,rain,3,40,Historical weather replay; overlapping forecast windows
8,2026-03-05,2026-03-06,2026-03-08,0.10605631853273058,false,false,Correct rejection,,,Coimbra,rain,3,40,Historical weather replay; overlapping forecast windows
4,2026-03-06,2026-03-07,2026-03-09,0.09384885688193491,false,false,Correct rejection,,,Coimbra,rain,3,40,Historical weather replay; overlapping forecast windows
5,2026-03-06,2026-03-07,2026-03-09,0.11443600209191465,false,false,Correct rejection,,,Coimbra,rain,3,40,Historical weather replay; overlapping forecast windows
6,2026-03-06,2026-03-07,2026-03-09,0.09384885688193491,false,false,Correct rejection,,,Coimbra,rain,3,40,Historical weather replay; overlapping forecast windows
7,2026-03-06,2026-03-07,2026-03-09,0.09384885688193491,false,false,Correct rejection,,,Coimbra,rain,3,40,Historical weather replay; overlapping forecast windows
8,2026-03-06,2026-03-07,2026-03-09,0.09384885688193491,false,false,Correct rejection,,,Coimbra,rain,3,40,Historical weather replay; overlapping forecast windows
4,2026-03-07,2026-03-08,2026-03-10,0.03467579305530632,false,false,Correct rejection,,,Coimbra,rain,3,40,Historical weather replay; overlapping forecast windows
5,2026-03-07,2026-03-08,2026-03-10,0.05176856140914894,false,false,Correct rejection,,,Coimbra,rain,3,40,Historical weather replay; overlapping forecast windows
6,2026-03-07,2026-03-08,2026-03-10,0.03467579305530632,false,false,Correct rejection,,,Coimbra,rain,3,40,Historical weather replay; overlapping forecast windows
7,2026-03-07,2026-03-08,2026-03-10,0.03467579305530632,false,false,Correct rejection,,,Coimbra,rain,3,40,Historical weather replay; overlapping forecast windows
8,2026-03-07,2026-03-08,2026-03-10,0.03467579305530632,false,false,Correct rejection,,,Coimbra,rain,3,40,Historical weather replay; overlapping forecast windows
4,2026-03-08,2026-03-09,2026-03-11,0.042887458363215045,false,false,Correct rejection,,,Coimbra,rain,3,40,Historical weather replay; overlapping forecast windows
5,2026-03-08,2026-03-09,2026-03-11,0.060836961106217856,false,false,Correct rejection,,,Coimbra,rain,3,40,Historical weather replay; overlapping forecast windows
6,2026-03-08,2026-03-09,2026-03-11,0.042887458363215045,false,false,Correct rejection,,,Coimbra,rain,3,40,Historical weather replay; overlapping forecast windows
7,2026-03-08,2026-03-09,2026-03-11,0.042887458363215045,false,false,Correct rejection,,,Coimbra,rain,3,40,Historical weather replay; overlapping forecast windows
8,2026-03-08,2026-03-09,2026-03-11,0.042887458363215045,false,false,Correct rejection,,,Coimbra,rain,3,40,Historical weather replay; overlapping forecast windows
4,2026-03-09,2026-03-10,2026-03-12,0.08732888100611451,false,false,Correct rejection,,,Coimbra,rain,3,40,Historical weather replay; overlapping forecast windows
5,2026-03-09,2026-03-10,2026-03-12,0.1087149970080726,false,false,Correct rejection,,,Coimbra,rain,3,40,Historical weather replay; overlapping forecast windows
6,2026-03-09,2026-03-10,2026-03-12,0.08732888100611451,false,false,Correct rejection,,,Coimbra,rain,3,40,Historical weather replay; overlapping forecast windows
7,2026-03-09,2026-03-10,2026-03-12,0.08732888100611451,false,false,Correct rejection,,,Coimbra,rain,3,40,Historical weather replay; overlapping forecast windows
8,2026-03-09,2026-03-10,2026-03-12,0.08732888100611451,false,false,Correct rejection,,,Coimbra,rain,3,40,Historical weather replay; overlapping forecast windows
4,2026-03-10,2026-03-11,2026-03-13,0.06056243587607708,false,false,Correct rejection,,,Coimbra,rain,3,40,Historical weather replay; overlapping forecast windows
5,2026-03-10,2026-03-11,2026-03-13,0.06652864384250844,false,false,Correct rejection,,,Coimbra,rain,3,40,Historical weather replay; overlapping forecast windows
6,2026-03-10,2026-03-11,2026-03-13,0.06056243587607708,false,false,Correct rejection,,,Coimbra,rain,3,40,Historical weather replay; overlapping forecast windows
7,2026-03-10,2026-03-11,2026-03-13,0.06056243587607708,false,false,Correct rejection,,,Coimbra,rain,3,40,Historical weather replay; overlapping forecast windows
8,2026-03-10,2026-03-11,2026-03-13,0.06056243587607708,false,false,Correct rejection,,,Coimbra,rain,3,40,Historical weather replay; overlapping forecast windows
4,2026-03-11,2026-03-12,2026-03-14,0.04803119629501016,false,false,Correct rejection,,,Coimbra,rain,3,40,Historical weather replay; overlapping forecast windows
5,2026-03-11,2026-03-12,2026-03-14,0.0482275866918052,false,false,Correct rejection,,,Coimbra,rain,3,40,Historical weather replay; overlapping forecast windows
6,2026-03-11,2026-03-12,2026-03-14,0.04803119629501016,false,false,Correct rejection,,,Coimbra,rain,3,40,Historical weather replay; overlapping forecast windows
7,2026-03-11,2026-03-12,2026-03-14,0.04803119629501016,false,false,Correct rejection,,,Coimbra,rain,3,40,Historical weather replay; overlapping forecast windows
8,2026-03-11,2026-03-12,2026-03-14,0.04803119629501016,false,false,Correct rejection,,,Coimbra,rain,3,40,Historical weather replay; overlapping forecast windows
4,2026-03-12,2026-03-13,2026-03-15,0.05210796932953114,false,false,Correct rejection,,,Coimbra,rain,3,40,Historical weather replay; overlapping forecast windows
5,2026-03-12,2026-03-13,2026-03-15,0.057796824095488294,false,false,Correct rejection,,,Coimbra,rain,3,40,Historical weather replay; overlapping forecast windows
6,2026-03-12,2026-03-13,2026-03-15,0.05210796932953114,false,false,Correct rejection,,,Coimbra,rain,3,40,Historical weather replay; overlapping forecast windows
7,2026-03-12,2026-03-13,2026-03-15,0.05210796932953114,false,false,Correct rejection,,,Coimbra,rain,3,40,Historical weather replay; overlapping forecast windows
8,2026-03-12,2026-03-13,2026-03-15,0.05210796932953114,false,false,Correct rejection,,,Coimbra,rain,3,40,Historical weather replay; overlapping forecast windows
4,2026-03-13,2026-03-14,2026-03-16,0.11364981601080613,false,false,Correct rejection,,,Coimbra,rain,3,40,Historical weather replay; overlapping forecast windows
5,2026-03-13,2026-03-14,2026-03-16,0.10216606018728594,false,false,Correct rejection,,,Coimbra,rain,3,40,Historical weather replay; overlapping forecast windows
6,2026-03-13,2026-03-14,2026-03-16,0.11364981601080613,false,false,Correct rejection,,,Coimbra,rain,3,40,Historical weather replay; overlapping forecast windows
7,2026-03-13,2026-03-14,2026-03-16,0.11364981601080613,false,false,Correct rejection,,,Coimbra,rain,3,40,Historical weather replay; overlapping forecast windows
8,2026-03-13,2026-03-14,2026-03-16,0.11364981601080613,false,false,Correct rejection,,,Coimbra,rain,3,40,Historical weather replay; overlapping forecast windows
4,2026-03-14,2026-03-15,2026-03-17,0.14455638341518617,false,false,Correct rejection,,,Coimbra,rain,3,40,Historical weather replay; overlapping forecast windows
5,2026-03-14,2026-03-15,2026-03-17,0.16796584410080131,false,false,Correct rejection,,,Coimbra,rain,3,40,Historical weather replay; overlapping forecast windows
6,2026-03-14,2026-03-15,2026-03-17,0.14455638341518617,false,false,Correct rejection,,,Coimbra,rain,3,40,Historical weather replay; overlapping forecast windows
7,2026-03-14,2026-03-15,2026-03-17,0.14455638341518617,false,false,Correct rejection,,,Coimbra,rain,3,40,Historical weather replay; overlapping forecast windows
8,2026-03-14,2026-03-15,2026-03-17,0.14455638341518617,false,false,Correct rejection,,,Coimbra,rain,3,40,Historical weather replay; overlapping forecast windows
4,2026-03-15,2026-03-16,2026-03-18,0.036463130158499155,false,false,Correct rejection,,,Coimbra,rain,3,40,Historical weather replay; overlapping forecast windows
5,2026-03-15,2026-03-16,2026-03-18,0.04863389055465905,false,false,Correct rejection,,,Coimbra,rain,3,40,Historical weather replay; overlapping forecast windows
6,2026-03-15,2026-03-16,2026-03-18,0.036463130158499155,false,false,Correct rejection,,,Coimbra,rain,3,40,Historical weather replay; overlapping forecast windows
7,2026-03-15,2026-03-16,2026-03-18,0.036463130158499155,false,false,Correct rejection,,,Coimbra,rain,3,40,Historical weather replay; overlapping forecast windows
8,2026-03-15,2026-03-16,2026-03-18,0.036463130158499155,false,false,Correct rejection,,,Coimbra,rain,3,40,Historical weather replay; overlapping forecast windows
4,2026-03-16,2026-03-17,2026-03-19,0.015929913829601423,false,false,Correct rejection,,,Coimbra,rain,3,40,Historical weather replay; overlapping forecast windows
5,2026-03-16,2026-03-17,2026-03-19,0.01751563835230565,false,false,Correct rejection,,,Coimbra,rain,3,40,Historical weather replay; overlapping forecast windows
6,2026-03-16,2026-03-17,2026-03-19,0.015929913829601423,false,false,Correct rejection,,,Coimbra,rain,3,40,Historical weather replay; overlapping forecast windows
7,2026-03-16,2026-03-17,2026-03-19,0.015929913829601423,false,false,Correct rejection,,,Coimbra,rain,3,40,Historical weather replay; overlapping forecast windows
8,2026-03-16,2026-03-17,2026-03-19,0.015929913829601423,false,false,Correct rejection,,,Coimbra,rain,3,40,Historical weather replay; overlapping forecast windows
4,2026-03-17,2026-03-18,2026-03-20,0.051458539705211,false,true,Miss,2026-03-20,,Coimbra,rain,3,40,Historical weather replay; overlapping forecast windows
5,2026-03-17,2026-03-18,2026-03-20,0.061658932084958526,false,true,Miss,2026-03-20,,Coimbra,rain,3,40,Historical weather replay; overlapping forecast windows
6,2026-03-17,2026-03-18,2026-03-20,0.051458539705211,false,true,Miss,2026-03-20,,Coimbra,rain,3,40,Historical weather replay; overlapping forecast windows
7,2026-03-17,2026-03-18,2026-03-20,0.051458539705211,false,true,Miss,2026-03-20,,Coimbra,rain,3,40,Historical weather replay; overlapping forecast windows
8,2026-03-17,2026-03-18,2026-03-20,0.051458539705211,false,true,Miss,2026-03-20,,Coimbra,rain,3,40,Historical weather replay; overlapping forecast windows
4,2026-03-18,2026-03-19,2026-03-21,0.16851903880006622,false,true,Miss,2026-03-21,,Coimbra,rain,3,40,Historical weather replay; overlapping forecast windows
5,2026-03-18,2026-03-19,2026-03-21,0.21237268225018918,false,true,Miss,2026-03-20,,Coimbra,rain,3,40,Historical weather replay; overlapping forecast windows
6,2026-03-18,2026-03-19,2026-03-21,0.16851903880006622,false,true,Miss,2026-03-21,,Coimbra,rain,3,40,Historical weather replay; overlapping forecast windows
7,2026-03-18,2026-03-19,2026-03-21,0.16851903880006622,false,true,Miss,2026-03-21,,Coimbra,rain,3,40,Historical weather replay; overlapping forecast windows
8,2026-03-18,2026-03-19,2026-03-21,0.16851903880006622,false,true,Miss,2026-03-21,,Coimbra,rain,3,40,Historical weather replay; overlapping forecast windows
4,2026-03-19,2026-03-20,2026-03-22,0.22713542417781318,false,false,Correct rejection,,,Coimbra,rain,3,40,Historical weather replay; overlapping forecast windows
5,2026-03-19,2026-03-20,2026-03-22,0.2644594927653253,false,false,Correct rejection,,,Coimbra,rain,3,40,Historical weather replay; overlapping forecast windows
6,2026-03-19,2026-03-20,2026-03-22,0.22713542417781318,false,false,Correct rejection,,,Coimbra,rain,3,40,Historical weather replay; overlapping forecast windows
7,2026-03-19,2026-03-20,2026-03-22,0.22713542417781318,false,false,Correct rejection,,,Coimbra,rain,3,40,Historical weather replay; overlapping forecast windows
8,2026-03-19,2026-03-20,2026-03-22,0.22713542417781318,false,false,Correct rejection,,,Coimbra,rain,3,40,Historical weather replay; overlapping forecast windows
4,2026-03-20,2026-03-21,2026-03-23,0.18934737638057755,false,false,Correct rejection,,,Coimbra,rain,3,40,Historical weather replay; overlapping forecast windows
5,2026-03-20,2026-03-21,2026-03-23,0.22618427773986116,false,false,Correct rejection,,,Coimbra,rain,3,40,Historical weather replay; overlapping forecast windows
6,2026-03-20,2026-03-21,2026-03-23,0.18934737638057755,false,false,Correct rejection,,,Coimbra,rain,3,40,Historical weather replay; overlapping forecast windows
7,2026-03-20,2026-03-21,2026-03-23,0.18934737638057755,false,false,Correct rejection,,,Coimbra,rain,3,40,Historical weather replay; overlapping forecast windows
8,2026-03-20,2026-03-21,2026-03-23,0.18934737638057755,false,false,Correct rejection,,,Coimbra,rain,3,40,Historical weather replay; overlapping forecast windows
4,2026-03-21,2026-03-22,2026-03-24,0.12667355508678182,false,false,Correct rejection,,,Coimbra,rain,3,40,Historical weather replay; overlapping forecast windows
5,2026-03-21,2026-03-22,2026-03-24,0.1380094597343024,false,false,Correct rejection,,,Coimbra,rain,3,40,Historical weather replay; overlapping forecast windows
6,2026-03-21,2026-03-22,2026-03-24,0.12667355508678182,false,false,Correct rejection,,,Coimbra,rain,3,40,Historical weather replay; overlapping forecast windows
7,2026-03-21,2026-03-22,2026-03-24,0.12667355508678182,false,false,Correct rejection,,,Coimbra,rain,3,40,Historical weather replay; overlapping forecast windows
8,2026-03-21,2026-03-22,2026-03-24,0.12667355508678182,false,false,Correct rejection,,,Coimbra,rain,3,40,Historical weather replay; overlapping forecast windows
4,2026-03-22,2026-03-23,2026-03-25,0.0491344461215079,false,false,Correct rejection,,,Coimbra,rain,3,40,Historical weather replay; overlapping forecast windows
5,2026-03-22,2026-03-23,2026-03-25,0.08537897017900961,false,false,Correct rejection,,,Coimbra,rain,3,40,Historical weather replay; overlapping forecast windows
6,2026-03-22,2026-03-23,2026-03-25,0.0491344461215079,false,false,Correct rejection,,,Coimbra,rain,3,40,Historical weather replay; overlapping forecast windows
7,2026-03-22,2026-03-23,2026-03-25,0.0491344461215079,false,false,Correct rejection,,,Coimbra,rain,3,40,Historical weather replay; overlapping forecast windows
8,2026-03-22,2026-03-23,2026-03-25,0.0491344461215079,false,false,Correct rejection,,,Coimbra,rain,3,40,Historical weather replay; overlapping forecast windows
4,2026-03-23,2026-03-24,2026-03-26,0.03180876412614372,false,false,Correct rejection,,,Coimbra,rain,3,40,Historical weather replay; overlapping forecast windows
5,2026-03-23,2026-03-24,2026-03-26,0.04534007959512217,false,false,Correct rejection,,,Coimbra,rain,3,40,Historical weather replay; overlapping forecast windows
6,2026-03-23,2026-03-24,2026-03-26,0.03180876412614372,false,false,Correct rejection,,,Coimbra,rain,3,40,Historical weather replay; overlapping forecast windows
7,2026-03-23,2026-03-24,2026-03-26,0.03180876412614372,false,false,Correct rejection,,,Coimbra,rain,3,40,Historical weather replay; overlapping forecast windows
8,2026-03-23,2026-03-24,2026-03-26,0.03180876412614372,false,false,Correct rejection,,,Coimbra,rain,3,40,Historical weather replay; overlapping forecast windows
4,2026-03-24,2026-03-25,2026-03-27,0.04070169277196153,false,false,Correct rejection,,,Coimbra,rain,3,40,Historical weather replay; overlapping forecast windows
5,2026-03-24,2026-03-25,2026-03-27,0.04924009648705441,false,false,Correct rejection,,,Coimbra,rain,3,40,Historical weather replay; overlapping forecast windows
6,2026-03-24,2026-03-25,2026-03-27,0.04070169277196153,false,false,Correct rejection,,,Coimbra,rain,3,40,Historical weather replay; overlapping forecast windows
7,2026-03-24,2026-03-25,2026-03-27,0.04070169277196153,false,false,Correct rejection,,,Coimbra,rain,3,40,Historical weather replay; overlapping forecast windows
8,2026-03-24,2026-03-25,2026-03-27,0.04070169277196153,false,false,Correct rejection,,,Coimbra,rain,3,40,Historical weather replay; overlapping forecast windows
4,2026-03-25,2026-03-26,2026-03-28,0.04198164184555456,false,false,Correct rejection,,,Coimbra,rain,3,40,Historical weather replay; overlapping forecast windows
5,2026-03-25,2026-03-26,2026-03-28,0.04347766599470237,false,false,Correct rejection,,,Coimbra,rain,3,40,Historical weather replay; overlapping forecast windows
6,2026-03-25,2026-03-26,2026-03-28,0.04198164184555456,false,false,Correct rejection,,,Coimbra,rain,3,40,Historical weather replay; overlapping forecast windows
7,2026-03-25,2026-03-26,2026-03-28,0.04198164184555456,false,false,Correct rejection,,,Coimbra,rain,3,40,Historical weather replay; overlapping forecast windows
8,2026-03-25,2026-03-26,2026-03-28,0.04198164184555456,false,false,Correct rejection,,,Coimbra,rain,3,40,Historical weather replay; overlapping forecast windows
4,2026-03-26,2026-03-27,2026-03-29,0.050439200539629095,false,false,Correct rejection,,,Coimbra,rain,3,40,Historical weather replay; overlapping forecast windows
5,2026-03-26,2026-03-27,2026-03-29,0.05439632572600758,false,false,Correct rejection,,,Coimbra,rain,3,40,Historical weather replay; overlapping forecast windows
6,2026-03-26,2026-03-27,2026-03-29,0.050439200539629095,false,false,Correct rejection,,,Coimbra,rain,3,40,Historical weather replay; overlapping forecast windows
7,2026-03-26,2026-03-27,2026-03-29,0.050439200539629095,false,false,Correct rejection,,,Coimbra,rain,3,40,Historical weather replay; overlapping forecast windows
8,2026-03-26,2026-03-27,2026-03-29,0.050439200539629095,false,false,Correct rejection,,,Coimbra,rain,3,40,Historical weather replay; overlapping forecast windows
4,2026-03-27,2026-03-28,2026-03-30,0.024796682135141596,false,false,Correct rejection,,,Coimbra,rain,3,40,Historical weather replay; overlapping forecast windows
5,2026-03-27,2026-03-28,2026-03-30,0.028947710266723697,false,false,Correct rejection,,,Coimbra,rain,3,40,Historical weather replay; overlapping forecast windows
6,2026-03-27,2026-03-28,2026-03-30,0.024796682135141596,false,false,Correct rejection,,,Coimbra,rain,3,40,Historical weather replay; overlapping forecast windows
7,2026-03-27,2026-03-28,2026-03-30,0.024796682135141596,false,false,Correct rejection,,,Coimbra,rain,3,40,Historical weather replay; overlapping forecast windows
8,2026-03-27,2026-03-28,2026-03-30,0.024796682135141596,false,false,Correct rejection,,,Coimbra,rain,3,40,Historical weather replay; overlapping forecast windows
4,2026-03-28,2026-03-29,2026-03-31,0.02163096570300978,false,false,Correct rejection,,,Coimbra,rain,3,40,Historical weather replay; overlapping forecast windows
5,2026-03-28,2026-03-29,2026-03-31,0.0259582634074048,false,false,Correct rejection,,,Coimbra,rain,3,40,Historical weather replay; overlapping forecast windows
6,2026-03-28,2026-03-29,2026-03-31,0.02163096570300978,false,false,Correct rejection,,,Coimbra,rain,3,40,Historical weather replay; overlapping forecast windows
7,2026-03-28,2026-03-29,2026-03-31,0.02163096570300978,false,false,Correct rejection,,,Coimbra,rain,3,40,Historical weather replay; overlapping forecast windows
8,2026-03-28,2026-03-29,2026-03-31,0.02163096570300978,false,false,Correct rejection,,,Coimbra,rain,3,40,Historical weather replay; overlapping forecast windows
4,2026-03-29,2026-03-30,2026-04-01,0.02984942998910135,false,false,Correct rejection,,,Coimbra,rain,3,40,Historical weather replay; overlapping forecast windows
5,2026-03-29,2026-03-30,2026-04-01,0.032855828049163885,false,false,Correct rejection,,,Coimbra,rain,3,40,Historical weather replay; overlapping forecast windows
6,2026-03-29,2026-03-30,2026-04-01,0.02984942998910135,false,false,Correct rejection,,,Coimbra,rain,3,40,Historical weather replay; overlapping forecast windows
7,2026-03-29,2026-03-30,2026-04-01,0.02984942998910135,false,false,Correct rejection,,,Coimbra,rain,3,40,Historical weather replay; overlapping forecast windows
8,2026-03-29,2026-03-30,2026-04-01,0.02984942998910135,false,false,Correct rejection,,,Coimbra,rain,3,40,Historical weather replay; overlapping forecast windows
4,2026-03-30,2026-03-31,2026-04-02,0.02639079466907184,false,false,Correct rejection,,,Coimbra,rain,3,40,Historical weather replay; overlapping forecast windows
5,2026-03-30,2026-03-31,2026-04-02,0.02766527736560292,false,false,Correct rejection,,,Coimbra,rain,3,40,Historical weather replay; overlapping forecast windows
6,2026-03-30,2026-03-31,2026-04-02,0.02639079466907184,false,false,Correct rejection,,,Coimbra,rain,3,40,Historical weather replay; overlapping forecast windows
7,2026-03-30,2026-03-31,2026-04-02,0.02639079466907184,false,false,Correct rejection,,,Coimbra,rain,3,40,Historical weather replay; overlapping forecast windows
8,2026-03-30,2026-03-31,2026-04-02,0.02639079466907184,false,false,Correct rejection,,,Coimbra,rain,3,40,Historical weather replay; overlapping forecast windows
4,2026-03-31,2026-04-01,2026-04-03,0.0256426565755519,false,false,Correct rejection,,,Coimbra,rain,3,40,Historical weather replay; overlapping forecast windows
5,2026-03-31,2026-04-01,2026-04-03,0.027852427992791882,false,false,Correct rejection,,,Coimbra,rain,3,40,Historical weather replay; overlapping forecast windows
6,2026-03-31,2026-04-01,2026-04-03,0.0256426565755519,false,false,Correct rejection,,,Coimbra,rain,3,40,Historical weather replay; overlapping forecast windows
7,2026-03-31,2026-04-01,2026-04-03,0.0256426565755519,false,false,Correct rejection,,,Coimbra,rain,3,40,Historical weather replay; overlapping forecast windows
8,2026-03-31,2026-04-01,2026-04-03,0.0256426565755519,false,false,Correct rejection,,,Coimbra,rain,3,40,Historical weather replay; overlapping forecast windows
4,2026-04-01,2026-04-02,2026-04-04,0.03498907693718363,false,false,Correct rejection,,,Coimbra,rain,3,40,Historical weather replay; overlapping forecast windows
5,2026-04-01,2026-04-02,2026-04-04,0.038056810111774496,false,false,Correct rejection,,,Coimbra,rain,3,40,Historical weather replay; overlapping forecast windows
6,2026-04-01,2026-04-02,2026-04-04,0.03498907693718363,false,false,Correct rejection,,,Coimbra,rain,3,40,Historical weather replay; overlapping forecast windows
7,2026-04-01,2026-04-02,2026-04-04,0.03498907693718363,false,false,Correct rejection,,,Coimbra,rain,3,40,Historical weather replay; overlapping forecast windows
8,2026-04-01,2026-04-02,2026-04-04,0.03498907693718363,false,false,Correct rejection,,,Coimbra,rain,3,40,Historical weather replay; overlapping forecast windows
4,2026-04-02,2026-04-03,2026-04-05,0.059696816898263685,false,false,Correct rejection,,,Coimbra,rain,3,40,Historical weather replay; overlapping forecast windows
5,2026-04-02,2026-04-03,2026-04-05,0.06532649794037436,false,false,Correct rejection,,,Coimbra,rain,3,40,Historical weather replay; overlapping forecast windows
6,2026-04-02,2026-04-03,2026-04-05,0.059696816898263685,false,false,Correct rejection,,,Coimbra,rain,3,40,Historical weather replay; overlapping forecast windows
7,2026-04-02,2026-04-03,2026-04-05,0.059696816898263685,false,false,Correct rejection,,,Coimbra,rain,3,40,Historical weather replay; overlapping forecast windows
8,2026-04-02,2026-04-03,2026-04-05,0.059696816898263685,false,false,Correct rejection,,,Coimbra,rain,3,40,Historical weather replay; overlapping forecast windows
4,2026-04-03,2026-04-04,2026-04-06,0.044709423036924704,false,false,Correct rejection,,,Coimbra,rain,3,40,Historical weather replay; overlapping forecast windows
5,2026-04-03,2026-04-04,2026-04-06,0.04813144637193004,false,false,Correct rejection,,,Coimbra,rain,3,40,Historical weather replay; overlapping forecast windows
6,2026-04-03,2026-04-04,2026-04-06,0.044709423036924704,false,false,Correct rejection,,,Coimbra,rain,3,40,Historical weather replay; overlapping forecast windows
7,2026-04-03,2026-04-04,2026-04-06,0.044709423036924704,false,false,Correct rejection,,,Coimbra,rain,3,40,Historical weather replay; overlapping forecast windows
8,2026-04-03,2026-04-04,2026-04-06,0.044709423036924704,false,false,Correct rejection,,,Coimbra,rain,3,40,Historical weather replay; overlapping forecast windows
4,2026-04-04,2026-04-05,2026-04-07,0.028450091348064765,false,false,Correct rejection,,,Coimbra,rain,3,40,Historical weather replay; overlapping forecast windows
5,2026-04-04,2026-04-05,2026-04-07,0.03272974988949553,false,false,Correct rejection,,,Coimbra,rain,3,40,Historical weather replay; overlapping forecast windows
6,2026-04-04,2026-04-05,2026-04-07,0.028450091348064765,false,false,Correct rejection,,,Coimbra,rain,3,40,Historical weather replay; overlapping forecast windows
7,2026-04-04,2026-04-05,2026-04-07,0.028450091348064765,false,false,Correct rejection,,,Coimbra,rain,3,40,Historical weather replay; overlapping forecast windows
8,2026-04-04,2026-04-05,2026-04-07,0.028450091348064765,false,false,Correct rejection,,,Coimbra,rain,3,40,Historical weather replay; overlapping forecast windows
4,2026-04-05,2026-04-06,2026-04-08,0.048053760981360306,false,false,Correct rejection,,,Coimbra,rain,3,40,Historical weather replay; overlapping forecast windows
5,2026-04-05,2026-04-06,2026-04-08,0.05152753542843196,false,false,Correct rejection,,,Coimbra,rain,3,40,Historical weather replay; overlapping forecast windows
6,2026-04-05,2026-04-06,2026-04-08,0.048053760981360306,false,false,Correct rejection,,,Coimbra,rain,3,40,Historical weather replay; overlapping forecast windows
7,2026-04-05,2026-04-06,2026-04-08,0.048053760981360306,false,false,Correct rejection,,,Coimbra,rain,3,40,Historical weather replay; overlapping forecast windows
8,2026-04-05,2026-04-06,2026-04-08,0.048053760981360306,false,false,Correct rejection,,,Coimbra,rain,3,40,Historical weather replay; overlapping forecast windows
4,2026-04-06,2026-04-07,2026-04-09,0.10209282014251603,false,false,Correct rejection,,,Coimbra,rain,3,40,Historical weather replay; overlapping forecast windows
5,2026-04-06,2026-04-07,2026-04-09,0.10783362042926449,false,false,Correct rejection,,,Coimbra,rain,3,40,Historical weather replay; overlapping forecast windows
6,2026-04-06,2026-04-07,2026-04-09,0.10209282014251603,false,false,Correct rejection,,,Coimbra,rain,3,40,Historical weather replay; overlapping forecast windows
7,2026-04-06,2026-04-07,2026-04-09,0.10209282014251603,false,false,Correct rejection,,,Coimbra,rain,3,40,Historical weather replay; overlapping forecast windows
8,2026-04-06,2026-04-07,2026-04-09,0.10209282014251603,false,false,Correct rejection,,,Coimbra,rain,3,40,Historical weather replay; overlapping forecast windows
4,2026-04-07,2026-04-08,2026-04-10,0.12661146064084017,false,false,Correct rejection,,,Coimbra,rain,3,40,Historical weather replay; overlapping forecast windows
5,2026-04-07,2026-04-08,2026-04-10,0.13837425463930533,false,false,Correct rejection,,,Coimbra,rain,3,40,Historical weather replay; overlapping forecast windows
6,2026-04-07,2026-04-08,2026-04-10,0.12661146064084017,false,false,Correct rejection,,,Coimbra,rain,3,40,Historical weather replay; overlapping forecast windows
7,2026-04-07,2026-04-08,2026-04-10,0.12661146064084017,false,false,Correct rejection,,,Coimbra,rain,3,40,Historical weather replay; overlapping forecast windows
8,2026-04-07,2026-04-08,2026-04-10,0.12661146064084017,false,false,Correct rejection,,,Coimbra,rain,3,40,Historical weather replay; overlapping forecast windows
4,2026-04-08,2026-04-09,2026-04-11,0.040789264500819065,false,false,Correct rejection,,,Coimbra,rain,3,40,Historical weather replay; overlapping forecast windows
5,2026-04-08,2026-04-09,2026-04-11,0.04704702663912644,false,false,Correct rejection,,,Coimbra,rain,3,40,Historical weather replay; overlapping forecast windows
6,2026-04-08,2026-04-09,2026-04-11,0.040789264500819065,false,false,Correct rejection,,,Coimbra,rain,3,40,Historical weather replay; overlapping forecast windows
7,2026-04-08,2026-04-09,2026-04-11,0.040789264500819065,false,false,Correct rejection,,,Coimbra,rain,3,40,Historical weather replay; overlapping forecast windows
8,2026-04-08,2026-04-09,2026-04-11,0.040789264500819065,false,false,Correct rejection,,,Coimbra,rain,3,40,Historical weather replay; overlapping forecast windows
4,2026-04-09,2026-04-10,2026-04-12,0.04816242373573378,false,false,Correct rejection,,,Coimbra,rain,3,40,Historical weather replay; overlapping forecast windows
5,2026-04-09,2026-04-10,2026-04-12,0.062135056097952016,false,false,Correct rejection,,,Coimbra,rain,3,40,Historical weather replay; overlapping forecast windows
6,2026-04-09,2026-04-10,2026-04-12,0.04816242373573378,false,false,Correct rejection,,,Coimbra,rain,3,40,Historical weather replay; overlapping forecast windows
7,2026-04-09,2026-04-10,2026-04-12,0.04816242373573378,false,false,Correct rejection,,,Coimbra,rain,3,40,Historical weather replay; overlapping forecast windows
8,2026-04-09,2026-04-10,2026-04-12,0.04816242373573378,false,false,Correct rejection,,,Coimbra,rain,3,40,Historical weather replay; overlapping forecast windows
4,2026-04-10,2026-04-11,2026-04-13,0.034228320629987645,false,false,Correct rejection,,,Coimbra,rain,3,40,Historical weather replay; overlapping forecast windows
5,2026-04-10,2026-04-11,2026-04-13,0.040912236549082416,false,false,Correct rejection,,,Coimbra,rain,3,40,Historical weather replay; overlapping forecast windows
6,2026-04-10,2026-04-11,2026-04-13,0.034228320629987645,false,false,Correct rejection,,,Coimbra,rain,3,40,Historical weather replay; overlapping forecast windows
7,2026-04-10,2026-04-11,2026-04-13,0.034228320629987645,false,false,Correct rejection,,,Coimbra,rain,3,40,Historical weather replay; overlapping forecast windows
8,2026-04-10,2026-04-11,2026-04-13,0.034228320629987645,false,false,Correct rejection,,,Coimbra,rain,3,40,Historical weather replay; overlapping forecast windows
4,2026-04-11,2026-04-12,2026-04-14,0.0630258315326289,false,false,Correct rejection,,,Coimbra,rain,3,40,Historical weather replay; overlapping forecast windows
5,2026-04-11,2026-04-12,2026-04-14,0.06881238118922062,false,false,Correct rejection,,,Coimbra,rain,3,40,Historical weather replay; overlapping forecast windows
6,2026-04-11,2026-04-12,2026-04-14,0.0630258315326289,false,false,Correct rejection,,,Coimbra,rain,3,40,Historical weather replay; overlapping forecast windows
7,2026-04-11,2026-04-12,2026-04-14,0.0630258315326289,false,false,Correct rejection,,,Coimbra,rain,3,40,Historical weather replay; overlapping forecast windows
8,2026-04-11,2026-04-12,2026-04-14,0.0630258315326289,false,false,Correct rejection,,,Coimbra,rain,3,40,Historical weather replay; overlapping forecast windows
4,2026-04-12,2026-04-13,2026-04-15,0.02328005590045347,false,false,Correct rejection,,,Coimbra,rain,3,40,Historical weather replay; overlapping forecast windows
5,2026-04-12,2026-04-13,2026-04-15,0.02793588472540585,false,false,Correct rejection,,,Coimbra,rain,3,40,Historical weather replay; overlapping forecast windows
6,2026-04-12,2026-04-13,2026-04-15,0.02328005590045347,false,false,Correct rejection,,,Coimbra,rain,3,40,Historical weather replay; overlapping forecast windows
7,2026-04-12,2026-04-13,2026-04-15,0.02328005590045347,false,false,Correct rejection,,,Coimbra,rain,3,40,Historical weather replay; overlapping forecast windows
8,2026-04-12,2026-04-13,2026-04-15,0.02328005590045347,false,false,Correct rejection,,,Coimbra,rain,3,40,Historical weather replay; overlapping forecast windows
4,2026-04-13,2026-04-14,2026-04-16,0.0441575774530231,false,false,Correct rejection,,,Coimbra,rain,3,40,Historical weather replay; overlapping forecast windows
5,2026-04-13,2026-04-14,2026-04-16,0.04929166284857756,false,false,Correct rejection,,,Coimbra,rain,3,40,Historical weather replay; overlapping forecast windows
6,2026-04-13,2026-04-14,2026-04-16,0.0441575774530231,false,false,Correct rejection,,,Coimbra,rain,3,40,Historical weather replay; overlapping forecast windows
7,2026-04-13,2026-04-14,2026-04-16,0.0441575774530231,false,false,Correct rejection,,,Coimbra,rain,3,40,Historical weather replay; overlapping forecast windows
8,2026-04-13,2026-04-14,2026-04-16,0.0441575774530231,false,false,Correct rejection,,,Coimbra,rain,3,40,Historical weather replay; overlapping forecast windows
4,2026-04-14,2026-04-15,2026-04-17,0.035253767212259354,false,false,Correct rejection,,,Coimbra,rain,3,40,Historical weather replay; overlapping forecast windows
5,2026-04-14,2026-04-15,2026-04-17,0.0405015891968234,false,false,Correct rejection,,,Coimbra,rain,3,40,Historical weather replay; overlapping forecast windows
6,2026-04-14,2026-04-15,2026-04-17,0.035253767212259354,false,false,Correct rejection,,,Coimbra,rain,3,40,Historical weather replay; overlapping forecast windows
7,2026-04-14,2026-04-15,2026-04-17,0.035253767212259354,false,false,Correct rejection,,,Coimbra,rain,3,40,Historical weather replay; overlapping forecast windows
8,2026-04-14,2026-04-15,2026-04-17,0.035253767212259354,false,false,Correct rejection,,,Coimbra,rain,3,40,Historical weather replay; overlapping forecast windows
4,2026-04-15,2026-04-16,2026-04-18,0.040488839338708026,false,false,Correct rejection,,,Coimbra,rain,3,40,Historical weather replay; overlapping forecast windows
5,2026-04-15,2026-04-16,2026-04-18,0.03922853094210943,false,false,Correct rejection,,,Coimbra,rain,3,40,Historical weather replay; overlapping forecast windows
6,2026-04-15,2026-04-16,2026-04-18,0.040488839338708026,false,false,Correct rejection,,,Coimbra,rain,3,40,Historical weather replay; overlapping forecast windows
7,2026-04-15,2026-04-16,2026-04-18,0.040488839338708026,false,false,Correct rejection,,,Coimbra,rain,3,40,Historical weather replay; overlapping forecast windows
8,2026-04-15,2026-04-16,2026-04-18,0.040488839338708026,false,false,Correct rejection,,,Coimbra,rain,3,40,Historical weather replay; overlapping forecast windows
4,2026-04-16,2026-04-17,2026-04-19,0.051975528711337454,false,false,Correct rejection,,,Coimbra,rain,3,40,Historical weather replay; overlapping forecast windows
5,2026-04-16,2026-04-17,2026-04-19,0.056727507428310696,false,false,Correct rejection,,,Coimbra,rain,3,40,Historical weather replay; overlapping forecast windows
6,2026-04-16,2026-04-17,2026-04-19,0.051975528711337454,false,false,Correct rejection,,,Coimbra,rain,3,40,Historical weather replay; overlapping forecast windows
7,2026-04-16,2026-04-17,2026-04-19,0.051975528711337454,false,false,Correct rejection,,,Coimbra,rain,3,40,Historical weather replay; overlapping forecast windows
8,2026-04-16,2026-04-17,2026-04-19,0.051975528711337454,false,false,Correct rejection,,,Coimbra,rain,3,40,Historical weather replay; overlapping forecast windows
4,2026-04-17,2026-04-18,2026-04-20,0.12620912716264535,false,false,Correct rejection,,,Coimbra,rain,3,40,Historical weather replay; overlapping forecast windows
5,2026-04-17,2026-04-18,2026-04-20,0.11836789356717138,false,false,Correct rejection,,,Coimbra,rain,3,40,Historical weather replay; overlapping forecast windows
6,2026-04-17,2026-04-18,2026-04-20,0.12620912716264535,false,false,Correct rejection,,,Coimbra,rain,3,40,Historical weather replay; overlapping forecast windows
7,2026-04-17,2026-04-18,2026-04-20,0.12620912716264535,false,false,Correct rejection,,,Coimbra,rain,3,40,Historical weather replay; overlapping forecast windows
8,2026-04-17,2026-04-18,2026-04-20,0.12620912716264535,false,false,Correct rejection,,,Coimbra,rain,3,40,Historical weather replay; overlapping forecast windows
4,2026-04-18,2026-04-19,2026-04-21,0.032947219590055754,false,false,Correct rejection,,,Coimbra,rain,3,40,Historical weather replay; overlapping forecast windows
5,2026-04-18,2026-04-19,2026-04-21,0.03544098105195191,false,false,Correct rejection,,,Coimbra,rain,3,40,Historical weather replay; overlapping forecast windows
6,2026-04-18,2026-04-19,2026-04-21,0.032947219590055754,false,false,Correct rejection,,,Coimbra,rain,3,40,Historical weather replay; overlapping forecast windows
7,2026-04-18,2026-04-19,2026-04-21,0.032947219590055754,false,false,Correct rejection,,,Coimbra,rain,3,40,Historical weather replay; overlapping forecast windows
8,2026-04-18,2026-04-19,2026-04-21,0.032947219590055754,false,false,Correct rejection,,,Coimbra,rain,3,40,Historical weather replay; overlapping forecast windows
4,2026-04-19,2026-04-20,2026-04-22,0.04590954302314522,false,false,Correct rejection,,,Coimbra,rain,3,40,Historical weather replay; overlapping forecast windows
5,2026-04-19,2026-04-20,2026-04-22,0.049220131371944205,false,false,Correct rejection,,,Coimbra,rain,3,40,Historical weather replay; overlapping forecast windows
6,2026-04-19,2026-04-20,2026-04-22,0.04590954302314522,false,false,Correct rejection,,,Coimbra,rain,3,40,Historical weather replay; overlapping forecast windows
7,2026-04-19,2026-04-20,2026-04-22,0.04590954302314522,false,false,Correct rejection,,,Coimbra,rain,3,40,Historical weather replay; overlapping forecast windows
8,2026-04-19,2026-04-20,2026-04-22,0.04590954302314522,false,false,Correct rejection,,,Coimbra,rain,3,40,Historical weather replay; overlapping forecast windows
4,2026-04-20,2026-04-21,2026-04-23,0.09741796104566279,false,false,Correct rejection,,,Coimbra,rain,3,40,Historical weather replay; overlapping forecast windows
5,2026-04-20,2026-04-21,2026-04-23,0.1137687646121768,false,false,Correct rejection,,,Coimbra,rain,3,40,Historical weather replay; overlapping forecast windows
6,2026-04-20,2026-04-21,2026-04-23,0.09741796104566279,false,false,Correct rejection,,,Coimbra,rain,3,40,Historical weather replay; overlapping forecast windows
7,2026-04-20,2026-04-21,2026-04-23,0.09741796104566279,false,false,Correct rejection,,,Coimbra,rain,3,40,Historical weather replay; overlapping forecast windows
8,2026-04-20,2026-04-21,2026-04-23,0.09741796104566279,false,false,Correct rejection,,,Coimbra,rain,3,40,Historical weather replay; overlapping forecast windows
4,2026-04-21,2026-04-22,2026-04-24,0.20783432771609606,false,false,Correct rejection,,,Coimbra,rain,3,40,Historical weather replay; overlapping forecast windows
5,2026-04-21,2026-04-22,2026-04-24,0.22111329362639903,false,false,Correct rejection,,,Coimbra,rain,3,40,Historical weather replay; overlapping forecast windows
6,2026-04-21,2026-04-22,2026-04-24,0.20783432771609606,false,false,Correct rejection,,,Coimbra,rain,3,40,Historical weather replay; overlapping forecast windows
7,2026-04-21,2026-04-22,2026-04-24,0.20783432771609606,false,false,Correct rejection,,,Coimbra,rain,3,40,Historical weather replay; overlapping forecast windows
8,2026-04-21,2026-04-22,2026-04-24,0.20783432771609606,false,false,Correct rejection,,,Coimbra,rain,3,40,Historical weather replay; overlapping forecast windows
4,2026-04-22,2026-04-23,2026-04-25,0.0829571571554069,false,false,Correct rejection,,,Coimbra,rain,3,40,Historical weather replay; overlapping forecast windows
5,2026-04-22,2026-04-23,2026-04-25,0.08931755041372194,false,false,Correct rejection,,,Coimbra,rain,3,40,Historical weather replay; overlapping forecast windows
6,2026-04-22,2026-04-23,2026-04-25,0.0829571571554069,false,false,Correct rejection,,,Coimbra,rain,3,40,Historical weather replay; overlapping forecast windows
7,2026-04-22,2026-04-23,2026-04-25,0.0829571571554069,false,false,Correct rejection,,,Coimbra,rain,3,40,Historical weather replay; overlapping forecast windows
8,2026-04-22,2026-04-23,2026-04-25,0.0829571571554069,false,false,Correct rejection,,,Coimbra,rain,3,40,Historical weather replay; overlapping forecast windows
4,2026-04-23,2026-04-24,2026-04-26,0.14425222571513305,false,false,Correct rejection,,,Coimbra,rain,3,40,Historical weather replay; overlapping forecast windows
5,2026-04-23,2026-04-24,2026-04-26,0.15602229209892882,false,false,Correct rejection,,,Coimbra,rain,3,40,Historical weather replay; overlapping forecast windows
6,2026-04-23,2026-04-24,2026-04-26,0.14425222571513305,false,false,Correct rejection,,,Coimbra,rain,3,40,Historical weather replay; overlapping forecast windows
7,2026-04-23,2026-04-24,2026-04-26,0.14425222571513305,false,false,Correct rejection,,,Coimbra,rain,3,40,Historical weather replay; overlapping forecast windows
8,2026-04-23,2026-04-24,2026-04-26,0.14425222571513305,false,false,Correct rejection,,,Coimbra,rain,3,40,Historical weather replay; overlapping forecast windows
4,2026-04-24,2026-04-25,2026-04-27,0.032439654989481335,false,false,Correct rejection,,,Coimbra,rain,3,40,Historical weather replay; overlapping forecast windows
5,2026-04-24,2026-04-25,2026-04-27,0.03600409606347468,false,false,Correct rejection,,,Coimbra,rain,3,40,Historical weather replay; overlapping forecast windows
6,2026-04-24,2026-04-25,2026-04-27,0.032439654989481335,false,false,Correct rejection,,,Coimbra,rain,3,40,Historical weather replay; overlapping forecast windows
7,2026-04-24,2026-04-25,2026-04-27,0.032439654989481335,false,false,Correct rejection,,,Coimbra,rain,3,40,Historical weather replay; overlapping forecast windows
8,2026-04-24,2026-04-25,2026-04-27,0.032439654989481335,false,false,Correct rejection,,,Coimbra,rain,3,40,Historical weather replay; overlapping forecast windows
4,2026-04-25,2026-04-26,2026-04-28,0.06511289419548105,false,false,Correct rejection,,,Coimbra,rain,3,40,Historical weather replay; overlapping forecast windows
5,2026-04-25,2026-04-26,2026-04-28,0.0672343694872714,false,false,Correct rejection,,,Coimbra,rain,3,40,Historical weather replay; overlapping forecast windows
6,2026-04-25,2026-04-26,2026-04-28,0.06511289419548105,false,false,Correct rejection,,,Coimbra,rain,3,40,Historical weather replay; overlapping forecast windows
7,2026-04-25,2026-04-26,2026-04-28,0.06511289419548105,false,false,Correct rejection,,,Coimbra,rain,3,40,Historical weather replay; overlapping forecast windows
8,2026-04-25,2026-04-26,2026-04-28,0.06511289419548105,false,false,Correct rejection,,,Coimbra,rain,3,40,Historical weather replay; overlapping forecast windows
4,2026-04-26,2026-04-27,2026-04-29,0.11294609546591962,false,true,Miss,2026-04-29,,Coimbra,rain,3,40,Historical weather replay; overlapping forecast windows
5,2026-04-26,2026-04-27,2026-04-29,0.12676778638918423,false,true,Miss,2026-04-29,,Coimbra,rain,3,40,Historical weather replay; overlapping forecast windows
6,2026-04-26,2026-04-27,2026-04-29,0.11294609546591962,false,true,Miss,2026-04-29,,Coimbra,rain,3,40,Historical weather replay; overlapping forecast windows
7,2026-04-26,2026-04-27,2026-04-29,0.11294609546591962,false,true,Miss,2026-04-29,,Coimbra,rain,3,40,Historical weather replay; overlapping forecast windows
8,2026-04-26,2026-04-27,2026-04-29,0.11294609546591962,false,true,Miss,2026-04-29,,Coimbra,rain,3,40,Historical weather replay; overlapping forecast windows
4,2026-04-27,2026-04-28,2026-04-30,0.1063805296405415,false,true,Miss,2026-04-29,,Coimbra,rain,3,40,Historical weather replay; overlapping forecast windows
5,2026-04-27,2026-04-28,2026-04-30,0.12086901795210389,false,true,Miss,2026-04-29,,Coimbra,rain,3,40,Historical weather replay; overlapping forecast windows
6,2026-04-27,2026-04-28,2026-04-30,0.1063805296405415,false,true,Miss,2026-04-29,,Coimbra,rain,3,40,Historical weather replay; overlapping forecast windows
7,2026-04-27,2026-04-28,2026-04-30,0.1063805296405415,false,true,Miss,2026-04-29,,Coimbra,rain,3,40,Historical weather replay; overlapping forecast windows
8,2026-04-27,2026-04-28,2026-04-30,0.1063805296405415,false,true,Miss,2026-04-29,,Coimbra,rain,3,40,Historical weather replay; overlapping forecast windows
4,2026-04-28,2026-04-29,2026-05-01,0.15412607609499573,false,false,Correct rejection,,,Coimbra,rain,3,40,Historical weather replay; overlapping forecast windows
5,2026-04-28,2026-04-29,2026-05-01,0.17789097690758437,false,false,Correct rejection,,,Coimbra,rain,3,40,Historical weather replay; overlapping forecast windows
6,2026-04-28,2026-04-29,2026-05-01,0.15412607609499573,false,false,Correct rejection,,,Coimbra,rain,3,40,Historical weather replay; overlapping forecast windows
7,2026-04-28,2026-04-29,2026-05-01,0.15412607609499573,false,false,Correct rejection,,,Coimbra,rain,3,40,Historical weather replay; overlapping forecast windows
8,2026-04-28,2026-04-29,2026-05-01,0.15412607609499573,false,false,Correct rejection,,,Coimbra,rain,3,40,Historical weather replay; overlapping forecast windows
4,2026-04-29,2026-04-30,2026-05-02,0.1691462471112695,false,false,Correct rejection,,,Coimbra,rain,3,40,Historical weather replay; overlapping forecast windows
5,2026-04-29,2026-04-30,2026-05-02,0.18350431516500396,false,false,Correct rejection,,,Coimbra,rain,3,40,Historical weather replay; overlapping forecast windows
6,2026-04-29,2026-04-30,2026-05-02,0.1691462471112695,false,false,Correct rejection,,,Coimbra,rain,3,40,Historical weather replay; overlapping forecast windows
7,2026-04-29,2026-04-30,2026-05-02,0.1691462471112695,false,false,Correct rejection,,,Coimbra,rain,3,40,Historical weather replay; overlapping forecast windows
8,2026-04-29,2026-04-30,2026-05-02,0.1691462471112695,false,false,Correct rejection,,,Coimbra,rain,3,40,Historical weather replay; overlapping forecast windows
4,2026-04-30,2026-05-01,2026-05-03,0.08899233336535001,false,false,Correct rejection,,,Coimbra,rain,3,40,Historical weather replay; overlapping forecast windows
5,2026-04-30,2026-05-01,2026-05-03,0.11115292006379114,false,false,Correct rejection,,,Coimbra,rain,3,40,Historical weather replay; overlapping forecast windows
6,2026-04-30,2026-05-01,2026-05-03,0.08899233336535001,false,false,Correct rejection,,,Coimbra,rain,3,40,Historical weather replay; overlapping forecast windows
7,2026-04-30,2026-05-01,2026-05-03,0.08899233336535001,false,false,Correct rejection,,,Coimbra,rain,3,40,Historical weather replay; overlapping forecast windows
8,2026-04-30,2026-05-01,2026-05-03,0.08899233336535001,false,false,Correct rejection,,,Coimbra,rain,3,40,Historical weather replay; overlapping forecast windows
4,2026-05-01,2026-05-02,2026-05-04,0.11770188637899533,false,false,Correct rejection,,,Coimbra,rain,3,40,Historical weather replay; overlapping forecast windows
5,2026-05-01,2026-05-02,2026-05-04,0.14022817840103888,false,false,Correct rejection,,,Coimbra,rain,3,40,Historical weather replay; overlapping forecast windows
6,2026-05-01,2026-05-02,2026-05-04,0.11770188637899533,false,false,Correct rejection,,,Coimbra,rain,3,40,Historical weather replay; overlapping forecast windows
7,2026-05-01,2026-05-02,2026-05-04,0.11770188637899533,false,false,Correct rejection,,,Coimbra,rain,3,40,Historical weather replay; overlapping forecast windows
8,2026-05-01,2026-05-02,2026-05-04,0.11770188637899533,false,false,Correct rejection,,,Coimbra,rain,3,40,Historical weather replay; overlapping forecast windows
4,2026-05-02,2026-05-03,2026-05-05,0.09938931918024572,false,false,Correct rejection,,,Coimbra,rain,3,40,Historical weather replay; overlapping forecast windows
5,2026-05-02,2026-05-03,2026-05-05,0.12345545037552505,false,false,Correct rejection,,,Coimbra,rain,3,40,Historical weather replay; overlapping forecast windows
6,2026-05-02,2026-05-03,2026-05-05,0.09938931918024572,false,false,Correct rejection,,,Coimbra,rain,3,40,Historical weather replay; overlapping forecast windows
7,2026-05-02,2026-05-03,2026-05-05,0.09938931918024572,false,false,Correct rejection,,,Coimbra,rain,3,40,Historical weather replay; overlapping forecast windows
8,2026-05-02,2026-05-03,2026-05-05,0.09938931918024572,false,false,Correct rejection,,,Coimbra,rain,3,40,Historical weather replay; overlapping forecast windows
4,2026-05-03,2026-05-04,2026-05-06,0.11899567231976077,false,false,Correct rejection,,,Coimbra,rain,3,40,Historical weather replay; overlapping forecast windows
5,2026-05-03,2026-05-04,2026-05-06,0.149872651970529,false,false,Correct rejection,,,Coimbra,rain,3,40,Historical weather replay; overlapping forecast windows
6,2026-05-03,2026-05-04,2026-05-06,0.11899567231976077,false,false,Correct rejection,,,Coimbra,rain,3,40,Historical weather replay; overlapping forecast windows
7,2026-05-03,2026-05-04,2026-05-06,0.11899567231976077,false,false,Correct rejection,,,Coimbra,rain,3,40,Historical weather replay; overlapping forecast windows
8,2026-05-03,2026-05-04,2026-05-06,0.11899567231976077,false,false,Correct rejection,,,Coimbra,rain,3,40,Historical weather replay; overlapping forecast windows
4,2026-05-04,2026-05-05,2026-05-07,0.07917151471438108,false,false,Correct rejection,,,Coimbra,rain,3,40,Historical weather replay; overlapping forecast windows
5,2026-05-04,2026-05-05,2026-05-07,0.10328298125106254,false,false,Correct rejection,,,Coimbra,rain,3,40,Historical weather replay; overlapping forecast windows
6,2026-05-04,2026-05-05,2026-05-07,0.07917151471438108,false,false,Correct rejection,,,Coimbra,rain,3,40,Historical weather replay; overlapping forecast windows
7,2026-05-04,2026-05-05,2026-05-07,0.07917151471438108,false,false,Correct rejection,,,Coimbra,rain,3,40,Historical weather replay; overlapping forecast windows
8,2026-05-04,2026-05-05,2026-05-07,0.07917151471438108,false,false,Correct rejection,,,Coimbra,rain,3,40,Historical weather replay; overlapping forecast windows
4,2026-05-05,2026-05-06,2026-05-08,0.08287499850925074,false,false,Correct rejection,,,Coimbra,rain,3,40,Historical weather replay; overlapping forecast windows
5,2026-05-05,2026-05-06,2026-05-08,0.10103117337193727,false,false,Correct rejection,,,Coimbra,rain,3,40,Historical weather replay; overlapping forecast windows
6,2026-05-05,2026-05-06,2026-05-08,0.08287499850925074,false,false,Correct rejection,,,Coimbra,rain,3,40,Historical weather replay; overlapping forecast windows
7,2026-05-05,2026-05-06,2026-05-08,0.08287499850925074,false,false,Correct rejection,,,Coimbra,rain,3,40,Historical weather replay; overlapping forecast windows
8,2026-05-05,2026-05-06,2026-05-08,0.08287499850925074,false,false,Correct rejection,,,Coimbra,rain,3,40,Historical weather replay; overlapping forecast windows
4,2026-05-06,2026-05-07,2026-05-09,0.06803156483963808,false,true,Miss,2026-05-09,,Coimbra,rain,3,40,Historical weather replay; overlapping forecast windows
5,2026-05-06,2026-05-07,2026-05-09,0.07285803563833508,false,true,Miss,2026-05-09,,Coimbra,rain,3,40,Historical weather replay; overlapping forecast windows
6,2026-05-06,2026-05-07,2026-05-09,0.06803156483963808,false,true,Miss,2026-05-09,,Coimbra,rain,3,40,Historical weather replay; overlapping forecast windows
7,2026-05-06,2026-05-07,2026-05-09,0.06803156483963808,false,true,Miss,2026-05-09,,Coimbra,rain,3,40,Historical weather replay; overlapping forecast windows
8,2026-05-06,2026-05-07,2026-05-09,0.06803156483963808,false,true,Miss,2026-05-09,,Coimbra,rain,3,40,Historical weather replay; overlapping forecast windows
4,2026-05-07,2026-05-08,2026-05-10,0.1435981674274434,false,true,Miss,2026-05-09,,Coimbra,rain,3,40,Historical weather replay; overlapping forecast windows
5,2026-05-07,2026-05-08,2026-05-10,0.1620700927597776,false,true,Miss,2026-05-09,,Coimbra,rain,3,40,Historical weather replay; overlapping forecast windows
6,2026-05-07,2026-05-08,2026-05-10,0.1435981674274434,false,true,Miss,2026-05-09,,Coimbra,rain,3,40,Historical weather replay; overlapping forecast windows
7,2026-05-07,2026-05-08,2026-05-10,0.1435981674274434,false,true,Miss,2026-05-09,,Coimbra,rain,3,40,Historical weather replay; overlapping forecast windows
8,2026-05-07,2026-05-08,2026-05-10,0.1435981674274434,false,true,Miss,2026-05-09,,Coimbra,rain,3,40,Historical weather replay; overlapping forecast windows
4,2026-05-08,2026-05-09,2026-05-11,0.22193011233624796,false,true,Miss,2026-05-09,,Coimbra,rain,3,40,Historical weather replay; overlapping forecast windows
5,2026-05-08,2026-05-09,2026-05-11,0.23956484037549938,false,true,Miss,2026-05-10,,Coimbra,rain,3,40,Historical weather replay; overlapping forecast windows
6,2026-05-08,2026-05-09,2026-05-11,0.22193011233624796,false,true,Miss,2026-05-09,,Coimbra,rain,3,40,Historical weather replay; overlapping forecast windows
7,2026-05-08,2026-05-09,2026-05-11,0.22193011233624796,false,true,Miss,2026-05-09,,Coimbra,rain,3,40,Historical weather replay; overlapping forecast windows
8,2026-05-08,2026-05-09,2026-05-11,0.22193011233624796,false,true,Miss,2026-05-09,,Coimbra,rain,3,40,Historical weather replay; overlapping forecast windows
4,2026-05-09,2026-05-10,2026-05-12,0.22567596291512382,false,true,Miss,2026-05-10,,Coimbra,rain,3,40,Historical weather replay; overlapping forecast windows
5,2026-05-09,2026-05-10,2026-05-12,0.23107569792186097,false,true,Miss,2026-05-10,,Coimbra,rain,3,40,Historical weather replay; overlapping forecast windows
6,2026-05-09,2026-05-10,2026-05-12,0.22567596291512382,false,true,Miss,2026-05-10,,Coimbra,rain,3,40,Historical weather replay; overlapping forecast windows
7,2026-05-09,2026-05-10,2026-05-12,0.22567596291512382,false,true,Miss,2026-05-10,,Coimbra,rain,3,40,Historical weather replay; overlapping forecast windows
8,2026-05-09,2026-05-10,2026-05-12,0.22567596291512382,false,true,Miss,2026-05-10,,Coimbra,rain,3,40,Historical weather replay; overlapping forecast windows
4,2026-05-10,2026-05-11,2026-05-13,0.20493103428447057,false,true,Miss,2026-05-12,,Coimbra,rain,3,40,Historical weather replay; overlapping forecast windows
5,2026-05-10,2026-05-11,2026-05-13,0.21576173801895232,false,true,Miss,2026-05-12,,Coimbra,rain,3,40,Historical weather replay; overlapping forecast windows
6,2026-05-10,2026-05-11,2026-05-13,0.20493103428447057,false,true,Miss,2026-05-12,,Coimbra,rain,3,40,Historical weather replay; overlapping forecast windows
7,2026-05-10,2026-05-11,2026-05-13,0.20493103428447057,false,true,Miss,2026-05-12,,Coimbra,rain,3,40,Historical weather replay; overlapping forecast windows
8,2026-05-10,2026-05-11,2026-05-13,0.20493103428447057,false,true,Miss,2026-05-12,,Coimbra,rain,3,40,Historical weather replay; overlapping forecast windows
4,2026-05-11,2026-05-12,2026-05-14,0.21998719230388847,false,false,Correct rejection,,,Coimbra,rain,3,40,Historical weather replay; overlapping forecast windows
5,2026-05-11,2026-05-12,2026-05-14,0.20877234578977713,false,false,Correct rejection,,,Coimbra,rain,3,40,Historical weather replay; overlapping forecast windows
6,2026-05-11,2026-05-12,2026-05-14,0.21998719230388847,false,false,Correct rejection,,,Coimbra,rain,3,40,Historical weather replay; overlapping forecast windows
7,2026-05-11,2026-05-12,2026-05-14,0.21998719230388847,false,false,Correct rejection,,,Coimbra,rain,3,40,Historical weather replay; overlapping forecast windows
8,2026-05-11,2026-05-12,2026-05-14,0.21998719230388847,false,false,Correct rejection,,,Coimbra,rain,3,40,Historical weather replay; overlapping forecast windows
4,2026-05-12,2026-05-13,2026-05-15,0.2415773592125271,false,false,Correct rejection,,,Coimbra,rain,3,40,Historical weather replay; overlapping forecast windows
5,2026-05-12,2026-05-13,2026-05-15,0.2165244080794322,false,false,Correct rejection,,,Coimbra,rain,3,40,Historical weather replay; overlapping forecast windows
6,2026-05-12,2026-05-13,2026-05-15,0.2415773592125271,false,false,Correct rejection,,,Coimbra,rain,3,40,Historical weather replay; overlapping forecast windows
7,2026-05-12,2026-05-13,2026-05-15,0.2415773592125271,false,false,Correct rejection,,,Coimbra,rain,3,40,Historical weather replay; overlapping forecast windows
8,2026-05-12,2026-05-13,2026-05-15,0.2415773592125271,false,false,Correct rejection,,,Coimbra,rain,3,40,Historical weather replay; overlapping forecast windows
4,2026-05-13,2026-05-14,2026-05-16,0.1848204484967318,false,false,Correct rejection,,,Coimbra,rain,3,40,Historical weather replay; overlapping forecast windows
5,2026-05-13,2026-05-14,2026-05-16,0.17887043463500818,false,false,Correct rejection,,,Coimbra,rain,3,40,Historical weather replay; overlapping forecast windows
6,2026-05-13,2026-05-14,2026-05-16,0.1848204484967318,false,false,Correct rejection,,,Coimbra,rain,3,40,Historical weather replay; overlapping forecast windows
7,2026-05-13,2026-05-14,2026-05-16,0.1848204484967318,false,false,Correct rejection,,,Coimbra,rain,3,40,Historical weather replay; overlapping forecast windows
8,2026-05-13,2026-05-14,2026-05-16,0.1848204484967318,false,false,Correct rejection,,,Coimbra,rain,3,40,Historical weather replay; overlapping forecast windows
4,2026-05-14,2026-05-15,2026-05-17,0.2801875862380369,false,false,Correct rejection,,,Coimbra,rain,3,40,Historical weather replay; overlapping forecast windows
5,2026-05-14,2026-05-15,2026-05-17,0.28078036494124126,false,false,Correct rejection,,,Coimbra,rain,3,40,Historical weather replay; overlapping forecast windows
6,2026-05-14,2026-05-15,2026-05-17,0.2801875862380369,false,false,Correct rejection,,,Coimbra,rain,3,40,Historical weather replay; overlapping forecast windows
7,2026-05-14,2026-05-15,2026-05-17,0.2801875862380369,false,false,Correct rejection,,,Coimbra,rain,3,40,Historical weather replay; overlapping forecast windows
8,2026-05-14,2026-05-15,2026-05-17,0.2801875862380369,false,false,Correct rejection,,,Coimbra,rain,3,40,Historical weather replay; overlapping forecast windows
4,2026-05-15,2026-05-16,2026-05-18,0.2214337847852731,false,false,Correct rejection,,,Coimbra,rain,3,40,Historical weather replay; overlapping forecast windows
5,2026-05-15,2026-05-16,2026-05-18,0.22053892148370724,false,false,Correct rejection,,,Coimbra,rain,3,40,Historical weather replay; overlapping forecast windows
6,2026-05-15,2026-05-16,2026-05-18,0.2214337847852731,false,false,Correct rejection,,,Coimbra,rain,3,40,Historical weather replay; overlapping forecast windows
7,2026-05-15,2026-05-16,2026-05-18,0.2214337847852731,false,false,Correct rejection,,,Coimbra,rain,3,40,Historical weather replay; overlapping forecast windows
8,2026-05-15,2026-05-16,2026-05-18,0.2214337847852731,false,false,Correct rejection,,,Coimbra,rain,3,40,Historical weather replay; overlapping forecast windows
4,2026-05-16,2026-05-17,2026-05-19,0.12475363041813758,false,false,Correct rejection,,,Coimbra,rain,3,40,Historical weather replay; overlapping forecast windows
5,2026-05-16,2026-05-17,2026-05-19,0.13013442500973485,false,false,Correct rejection,,,Coimbra,rain,3,40,Historical weather replay; overlapping forecast windows
6,2026-05-16,2026-05-17,2026-05-19,0.12475363041813758,false,false,Correct rejection,,,Coimbra,rain,3,40,Historical weather replay; overlapping forecast windows
7,2026-05-16,2026-05-17,2026-05-19,0.12475363041813758,false,false,Correct rejection,,,Coimbra,rain,3,40,Historical weather replay; overlapping forecast windows
8,2026-05-16,2026-05-17,2026-05-19,0.12475363041813758,false,false,Correct rejection,,,Coimbra,rain,3,40,Historical weather replay; overlapping forecast windows
4,2026-05-17,2026-05-18,2026-05-20,0.1402911640617007,false,false,Correct rejection,,,Coimbra,rain,3,40,Historical weather replay; overlapping forecast windows
5,2026-05-17,2026-05-18,2026-05-20,0.1440904797651161,false,false,Correct rejection,,,Coimbra,rain,3,40,Historical weather replay; overlapping forecast windows
6,2026-05-17,2026-05-18,2026-05-20,0.1402911640617007,false,false,Correct rejection,,,Coimbra,rain,3,40,Historical weather replay; overlapping forecast windows
7,2026-05-17,2026-05-18,2026-05-20,0.1402911640617007,false,false,Correct rejection,,,Coimbra,rain,3,40,Historical weather replay; overlapping forecast windows
8,2026-05-17,2026-05-18,2026-05-20,0.1402911640617007,false,false,Correct rejection,,,Coimbra,rain,3,40,Historical weather replay; overlapping forecast windows
4,2026-05-18,2026-05-19,2026-05-21,0.09468050170522123,false,false,Correct rejection,,,Coimbra,rain,3,40,Historical weather replay; overlapping forecast windows
5,2026-05-18,2026-05-19,2026-05-21,0.10214091127040492,false,false,Correct rejection,,,Coimbra,rain,3,40,Historical weather replay; overlapping forecast windows
6,2026-05-18,2026-05-19,2026-05-21,0.09468050170522123,false,false,Correct rejection,,,Coimbra,rain,3,40,Historical weather replay; overlapping forecast windows
7,2026-05-18,2026-05-19,2026-05-21,0.09468050170522123,false,false,Correct rejection,,,Coimbra,rain,3,40,Historical weather replay; overlapping forecast windows
8,2026-05-18,2026-05-19,2026-05-21,0.09468050170522123,false,false,Correct rejection,,,Coimbra,rain,3,40,Historical weather replay; overlapping forecast windows
4,2026-05-19,2026-05-20,2026-05-22,0.08909787450383323,false,false,Correct rejection,,,Coimbra,rain,3,40,Historical weather replay; overlapping forecast windows
5,2026-05-19,2026-05-20,2026-05-22,0.09322118985147868,false,false,Correct rejection,,,Coimbra,rain,3,40,Historical weather replay; overlapping forecast windows
6,2026-05-19,2026-05-20,2026-05-22,0.08909787450383323,false,false,Correct rejection,,,Coimbra,rain,3,40,Historical weather replay; overlapping forecast windows
7,2026-05-19,2026-05-20,2026-05-22,0.08909787450383323,false,false,Correct rejection,,,Coimbra,rain,3,40,Historical weather replay; overlapping forecast windows
8,2026-05-19,2026-05-20,2026-05-22,0.08909787450383323,false,false,Correct rejection,,,Coimbra,rain,3,40,Historical weather replay; overlapping forecast windows
4,2026-05-20,2026-05-21,2026-05-23,0.03519865231939729,false,false,Correct rejection,,,Coimbra,rain,3,40,Historical weather replay; overlapping forecast windows
5,2026-05-20,2026-05-21,2026-05-23,0.030720387000700233,false,false,Correct rejection,,,Coimbra,rain,3,40,Historical weather replay; overlapping forecast windows
6,2026-05-20,2026-05-21,2026-05-23,0.03519865231939729,false,false,Correct rejection,,,Coimbra,rain,3,40,Historical weather replay; overlapping forecast windows
7,2026-05-20,2026-05-21,2026-05-23,0.03519865231939729,false,false,Correct rejection,,,Coimbra,rain,3,40,Historical weather replay; overlapping forecast windows
8,2026-05-20,2026-05-21,2026-05-23,0.03519865231939729,false,false,Correct rejection,,,Coimbra,rain,3,40,Historical weather replay; overlapping forecast windows
4,2026-05-21,2026-05-22,2026-05-24,0.05593114117034322,false,false,Correct rejection,,,Coimbra,rain,3,40,Historical weather replay; overlapping forecast windows
5,2026-05-21,2026-05-22,2026-05-24,0.05472383497385598,false,false,Correct rejection,,,Coimbra,rain,3,40,Historical weather replay; overlapping forecast windows
6,2026-05-21,2026-05-22,2026-05-24,0.05593114117034322,false,false,Correct rejection,,,Coimbra,rain,3,40,Historical weather replay; overlapping forecast windows
7,2026-05-21,2026-05-22,2026-05-24,0.05593114117034322,false,false,Correct rejection,,,Coimbra,rain,3,40,Historical weather replay; overlapping forecast windows
8,2026-05-21,2026-05-22,2026-05-24,0.05593114117034322,false,false,Correct rejection,,,Coimbra,rain,3,40,Historical weather replay; overlapping forecast windows
4,2026-05-22,2026-05-23,2026-05-25,0.05693938789758342,false,false,Correct rejection,,,Coimbra,rain,3,40,Historical weather replay; overlapping forecast windows
5,2026-05-22,2026-05-23,2026-05-25,0.0587470810888707,false,false,Correct rejection,,,Coimbra,rain,3,40,Historical weather replay; overlapping forecast windows
6,2026-05-22,2026-05-23,2026-05-25,0.05693938789758342,false,false,Correct rejection,,,Coimbra,rain,3,40,Historical weather replay; overlapping forecast windows
7,2026-05-22,2026-05-23,2026-05-25,0.05693938789758342,false,false,Correct rejection,,,Coimbra,rain,3,40,Historical weather replay; overlapping forecast windows
8,2026-05-22,2026-05-23,2026-05-25,0.05693938789758342,false,false,Correct rejection,,,Coimbra,rain,3,40,Historical weather replay; overlapping forecast windows
4,2026-05-23,2026-05-24,2026-05-26,0.08695576288108411,false,false,Correct rejection,,,Coimbra,rain,3,40,Historical weather replay; overlapping forecast windows
5,2026-05-23,2026-05-24,2026-05-26,0.07029580663059572,false,false,Correct rejection,,,Coimbra,rain,3,40,Historical weather replay; overlapping forecast windows
6,2026-05-23,2026-05-24,2026-05-26,0.08695576288108411,false,false,Correct rejection,,,Coimbra,rain,3,40,Historical weather replay; overlapping forecast windows
7,2026-05-23,2026-05-24,2026-05-26,0.08695576288108411,false,false,Correct rejection,,,Coimbra,rain,3,40,Historical weather replay; overlapping forecast windows
8,2026-05-23,2026-05-24,2026-05-26,0.08695576288108411,false,false,Correct rejection,,,Coimbra,rain,3,40,Historical weather replay; overlapping forecast windows
4,2026-05-24,2026-05-25,2026-05-27,0.04290492458964449,false,false,Correct rejection,,,Coimbra,rain,3,40,Historical weather replay; overlapping forecast windows
5,2026-05-24,2026-05-25,2026-05-27,0.04548844339974189,false,false,Correct rejection,,,Coimbra,rain,3,40,Historical weather replay; overlapping forecast windows
6,2026-05-24,2026-05-25,2026-05-27,0.04290492458964449,false,false,Correct rejection,,,Coimbra,rain,3,40,Historical weather replay; overlapping forecast windows
7,2026-05-24,2026-05-25,2026-05-27,0.04290492458964449,false,false,Correct rejection,,,Coimbra,rain,3,40,Historical weather replay; overlapping forecast windows
8,2026-05-24,2026-05-25,2026-05-27,0.04290492458964449,false,false,Correct rejection,,,Coimbra,rain,3,40,Historical weather replay; overlapping forecast windows
4,2026-05-25,2026-05-26,2026-05-28,0.046945712988716554,false,false,Correct rejection,,,Coimbra,rain,3,40,Historical weather replay; overlapping forecast windows
5,2026-05-25,2026-05-26,2026-05-28,0.04628840587564967,false,false,Correct rejection,,,Coimbra,rain,3,40,Historical weather replay; overlapping forecast windows
6,2026-05-25,2026-05-26,2026-05-28,0.046945712988716554,false,false,Correct rejection,,,Coimbra,rain,3,40,Historical weather replay; overlapping forecast windows
7,2026-05-25,2026-05-26,2026-05-28,0.046945712988716554,false,false,Correct rejection,,,Coimbra,rain,3,40,Historical weather replay; overlapping forecast windows
8,2026-05-25,2026-05-26,2026-05-28,0.046945712988716554,false,false,Correct rejection,,,Coimbra,rain,3,40,Historical weather replay; overlapping forecast windows
4,2026-05-26,2026-05-27,2026-05-29,0.04728138142037459,false,false,Correct rejection,,,Coimbra,rain,3,40,Historical weather replay; overlapping forecast windows
5,2026-05-26,2026-05-27,2026-05-29,0.053486416405858224,false,false,Correct rejection,,,Coimbra,rain,3,40,Historical weather replay; overlapping forecast windows
6,2026-05-26,2026-05-27,2026-05-29,0.04728138142037459,false,false,Correct rejection,,,Coimbra,rain,3,40,Historical weather replay; overlapping forecast windows
7,2026-05-26,2026-05-27,2026-05-29,0.04728138142037459,false,false,Correct rejection,,,Coimbra,rain,3,40,Historical weather replay; overlapping forecast windows
8,2026-05-26,2026-05-27,2026-05-29,0.04728138142037459,false,false,Correct rejection,,,Coimbra,rain,3,40,Historical weather replay; overlapping forecast windows
4,2026-05-27,2026-05-28,2026-05-30,0.044484364087169784,false,false,Correct rejection,,,Coimbra,rain,3,40,Historical weather replay; overlapping forecast windows
5,2026-05-27,2026-05-28,2026-05-30,0.04641773075756589,false,false,Correct rejection,,,Coimbra,rain,3,40,Historical weather replay; overlapping forecast windows
6,2026-05-27,2026-05-28,2026-05-30,0.044484364087169784,false,false,Correct rejection,,,Coimbra,rain,3,40,Historical weather replay; overlapping forecast windows
7,2026-05-27,2026-05-28,2026-05-30,0.044484364087169784,false,false,Correct rejection,,,Coimbra,rain,3,40,Historical weather replay; overlapping forecast windows
8,2026-05-27,2026-05-28,2026-05-30,0.044484364087169784,false,false,Correct rejection,,,Coimbra,rain,3,40,Historical weather replay; overlapping forecast windows
4,2026-05-28,2026-05-29,2026-05-31,0.03367870283449352,false,false,Correct rejection,,,Coimbra,rain,3,40,Historical weather replay; overlapping forecast windows
5,2026-05-28,2026-05-29,2026-05-31,0.03581007243434162,false,false,Correct rejection,,,Coimbra,rain,3,40,Historical weather replay; overlapping forecast windows
6,2026-05-28,2026-05-29,2026-05-31,0.03367870283449352,false,false,Correct rejection,,,Coimbra,rain,3,40,Historical weather replay; overlapping forecast windows
7,2026-05-28,2026-05-29,2026-05-31,0.03367870283449352,false,false,Correct rejection,,,Coimbra,rain,3,40,Historical weather replay; overlapping forecast windows
8,2026-05-28,2026-05-29,2026-05-31,0.03367870283449352,false,false,Correct rejection,,,Coimbra,rain,3,40,Historical weather replay; overlapping forecast windows
4,2026-05-29,2026-05-30,2026-06-01,0.05874462059342128,false,false,Correct rejection,,,Coimbra,rain,3,40,Historical weather replay; overlapping forecast windows
5,2026-05-29,2026-05-30,2026-06-01,0.06096627337126418,false,false,Correct rejection,,,Coimbra,rain,3,40,Historical weather replay; overlapping forecast windows
6,2026-05-29,2026-05-30,2026-06-01,0.05874462059342128,false,false,Correct rejection,,,Coimbra,rain,3,40,Historical weather replay; overlapping forecast windows
7,2026-05-29,2026-05-30,2026-06-01,0.05874462059342128,false,false,Correct rejection,,,Coimbra,rain,3,40,Historical weather replay; overlapping forecast windows
8,2026-05-29,2026-05-30,2026-06-01,0.05874462059342128,false,false,Correct rejection,,,Coimbra,rain,3,40,Historical weather replay; overlapping forecast windows
4,2026-05-30,2026-05-31,2026-06-02,0.06513966714376963,false,false,Correct rejection,,,Coimbra,rain,3,40,Historical weather replay; overlapping forecast windows
5,2026-05-30,2026-05-31,2026-06-02,0.06548292625824531,false,false,Correct rejection,,,Coimbra,rain,3,40,Historical weather replay; overlapping forecast windows
6,2026-05-30,2026-05-31,2026-06-02,0.06513966714376963,false,false,Correct rejection,,,Coimbra,rain,3,40,Historical weather replay; overlapping forecast windows
7,2026-05-30,2026-05-31,2026-06-02,0.06513966714376963,false,false,Correct rejection,,,Coimbra,rain,3,40,Historical weather replay; overlapping forecast windows
8,2026-05-30,2026-05-31,2026-06-02,0.06513966714376963,false,false,Correct rejection,,,Coimbra,rain,3,40,Historical weather replay; overlapping forecast windows
4,2026-05-31,2026-06-01,2026-06-03,0.07147570702461428,false,false,Correct rejection,,,Coimbra,rain,3,40,Historical weather replay; overlapping forecast windows
5,2026-05-31,2026-06-01,2026-06-03,0.07768516477555475,false,false,Correct rejection,,,Coimbra,rain,3,40,Historical weather replay; overlapping forecast windows
6,2026-05-31,2026-06-01,2026-06-03,0.07147570702461428,false,false,Correct rejection,,,Coimbra,rain,3,40,Historical weather replay; overlapping forecast windows
7,2026-05-31,2026-06-01,2026-06-03,0.07147570702461428,false,false,Correct rejection,,,Coimbra,rain,3,40,Historical weather replay; overlapping forecast windows
8,2026-05-31,2026-06-01,2026-06-03,0.07147570702461428,false,false,Correct rejection,,,Coimbra,rain,3,40,Historical weather replay; overlapping forecast windows
4,2026-06-01,2026-06-02,2026-06-04,0.05398718399987721,false,false,Correct rejection,,,Coimbra,rain,3,40,Historical weather replay; overlapping forecast windows
5,2026-06-01,2026-06-02,2026-06-04,0.06220787627233132,false,false,Correct rejection,,,Coimbra,rain,3,40,Historical weather replay; overlapping forecast windows
6,2026-06-01,2026-06-02,2026-06-04,0.05398718399987721,false,false,Correct rejection,,,Coimbra,rain,3,40,Historical weather replay; overlapping forecast windows
7,2026-06-01,2026-06-02,2026-06-04,0.05398718399987721,false,false,Correct rejection,,,Coimbra,rain,3,40,Historical weather replay; overlapping forecast windows
8,2026-06-01,2026-06-02,2026-06-04,0.05398718399987721,false,false,Correct rejection,,,Coimbra,rain,3,40,Historical weather replay; overlapping forecast windows
4,2026-06-02,2026-06-03,2026-06-05,0.06852208036608248,false,false,Correct rejection,,,Coimbra,rain,3,40,Historical weather replay; overlapping forecast windows
5,2026-06-02,2026-06-03,2026-06-05,0.07551613360560014,false,false,Correct rejection,,,Coimbra,rain,3,40,Historical weather replay; overlapping forecast windows
6,2026-06-02,2026-06-03,2026-06-05,0.06852208036608248,false,false,Correct rejection,,,Coimbra,rain,3,40,Historical weather replay; overlapping forecast windows
7,2026-06-02,2026-06-03,2026-06-05,0.06852208036608248,false,false,Correct rejection,,,Coimbra,rain,3,40,Historical weather replay; overlapping forecast windows
8,2026-06-02,2026-06-03,2026-06-05,0.06852208036608248,false,false,Correct rejection,,,Coimbra,rain,3,40,Historical weather replay; overlapping forecast windows
4,2026-06-03,2026-06-04,2026-06-06,0.051711586101240214,false,false,Correct rejection,,,Coimbra,rain,3,40,Historical weather replay; overlapping forecast windows
5,2026-06-03,2026-06-04,2026-06-06,0.050287274342548254,false,false,Correct rejection,,,Coimbra,rain,3,40,Historical weather replay; overlapping forecast windows
6,2026-06-03,2026-06-04,2026-06-06,0.051711586101240214,false,false,Correct rejection,,,Coimbra,rain,3,40,Historical weather replay; overlapping forecast windows
7,2026-06-03,2026-06-04,2026-06-06,0.051711586101240214,false,false,Correct rejection,,,Coimbra,rain,3,40,Historical weather replay; overlapping forecast windows
8,2026-06-03,2026-06-04,2026-06-06,0.051711586101240214,false,false,Correct rejection,,,Coimbra,rain,3,40,Historical weather replay; overlapping forecast windows
4,2026-06-04,2026-06-05,2026-06-07,0.06428218513866549,false,false,Correct rejection,,,Coimbra,rain,3,40,Historical weather replay; overlapping forecast windows
5,2026-06-04,2026-06-05,2026-06-07,0.07301127172758501,false,false,Correct rejection,,,Coimbra,rain,3,40,Historical weather replay; overlapping forecast windows
6,2026-06-04,2026-06-05,2026-06-07,0.06428218513866549,false,false,Correct rejection,,,Coimbra,rain,3,40,Historical weather replay; overlapping forecast windows
7,2026-06-04,2026-06-05,2026-06-07,0.06428218513866549,false,false,Correct rejection,,,Coimbra,rain,3,40,Historical weather replay; overlapping forecast windows
8,2026-06-04,2026-06-05,2026-06-07,0.06428218513866549,false,false,Correct rejection,,,Coimbra,rain,3,40,Historical weather replay; overlapping forecast windows
4,2026-06-05,2026-06-06,2026-06-08,0.10292145028791398,false,false,Correct rejection,,,Coimbra,rain,3,40,Historical weather replay; overlapping forecast windows
5,2026-06-05,2026-06-06,2026-06-08,0.10343509746433428,false,false,Correct rejection,,,Coimbra,rain,3,40,Historical weather replay; overlapping forecast windows
6,2026-06-05,2026-06-06,2026-06-08,0.10292145028791398,false,false,Correct rejection,,,Coimbra,rain,3,40,Historical weather replay; overlapping forecast windows
7,2026-06-05,2026-06-06,2026-06-08,0.10292145028791398,false,false,Correct rejection,,,Coimbra,rain,3,40,Historical weather replay; overlapping forecast windows
8,2026-06-05,2026-06-06,2026-06-08,0.10292145028791398,false,false,Correct rejection,,,Coimbra,rain,3,40,Historical weather replay; overlapping forecast windows
4,2026-06-06,2026-06-07,2026-06-09,0.12129464227265616,false,false,Correct rejection,,,Coimbra,rain,3,40,Historical weather replay; overlapping forecast windows
5,2026-06-06,2026-06-07,2026-06-09,0.11730648125864959,false,false,Correct rejection,,,Coimbra,rain,3,40,Historical weather replay; overlapping forecast windows
6,2026-06-06,2026-06-07,2026-06-09,0.12129464227265616,false,false,Correct rejection,,,Coimbra,rain,3,40,Historical weather replay; overlapping forecast windows
7,2026-06-06,2026-06-07,2026-06-09,0.12129464227265616,false,false,Correct rejection,,,Coimbra,rain,3,40,Historical weather replay; overlapping forecast windows
8,2026-06-06,2026-06-07,2026-06-09,0.12129464227265616,false,false,Correct rejection,,,Coimbra,rain,3,40,Historical weather replay; overlapping forecast windows
4,2026-06-07,2026-06-08,2026-06-10,0.05455869737091157,false,false,Correct rejection,,,Coimbra,rain,3,40,Historical weather replay; overlapping forecast windows
5,2026-06-07,2026-06-08,2026-06-10,0.055806301130116184,false,false,Correct rejection,,,Coimbra,rain,3,40,Historical weather replay; overlapping forecast windows
6,2026-06-07,2026-06-08,2026-06-10,0.05455869737091157,false,false,Correct rejection,,,Coimbra,rain,3,40,Historical weather replay; overlapping forecast windows
7,2026-06-07,2026-06-08,2026-06-10,0.05455869737091157,false,false,Correct rejection,,,Coimbra,rain,3,40,Historical weather replay; overlapping forecast windows
8,2026-06-07,2026-06-08,2026-06-10,0.05455869737091157,false,false,Correct rejection,,,Coimbra,rain,3,40,Historical weather replay; overlapping forecast windows
4,2026-06-08,2026-06-09,2026-06-11,0.03807126265965318,false,false,Correct rejection,,,Coimbra,rain,3,40,Historical weather replay; overlapping forecast windows
5,2026-06-08,2026-06-09,2026-06-11,0.04103833229374733,false,false,Correct rejection,,,Coimbra,rain,3,40,Historical weather replay; overlapping forecast windows
6,2026-06-08,2026-06-09,2026-06-11,0.03807126265965318,false,false,Correct rejection,,,Coimbra,rain,3,40,Historical weather replay; overlapping forecast windows
7,2026-06-08,2026-06-09,2026-06-11,0.03807126265965318,false,false,Correct rejection,,,Coimbra,rain,3,40,Historical weather replay; overlapping forecast windows
8,2026-06-08,2026-06-09,2026-06-11,0.03807126265965318,false,false,Correct rejection,,,Coimbra,rain,3,40,Historical weather replay; overlapping forecast windows
4,2026-06-09,2026-06-10,2026-06-12,0.06718654653912723,false,false,Correct rejection,,,Coimbra,rain,3,40,Historical weather replay; overlapping forecast windows
5,2026-06-09,2026-06-10,2026-06-12,0.07326466219994866,false,false,Correct rejection,,,Coimbra,rain,3,40,Historical weather replay; overlapping forecast windows
6,2026-06-09,2026-06-10,2026-06-12,0.06718654653912723,false,false,Correct rejection,,,Coimbra,rain,3,40,Historical weather replay; overlapping forecast windows
7,2026-06-09,2026-06-10,2026-06-12,0.06718654653912723,false,false,Correct rejection,,,Coimbra,rain,3,40,Historical weather replay; overlapping forecast windows
8,2026-06-09,2026-06-10,2026-06-12,0.06718654653912723,false,false,Correct rejection,,,Coimbra,rain,3,40,Historical weather replay; overlapping forecast windows
4,2026-06-10,2026-06-11,2026-06-13,0.032047816650366434,false,false,Correct rejection,,,Coimbra,rain,3,40,Historical weather replay; overlapping forecast windows
5,2026-06-10,2026-06-11,2026-06-13,0.03186462580243753,false,false,Correct rejection,,,Coimbra,rain,3,40,Historical weather replay; overlapping forecast windows
6,2026-06-10,2026-06-11,2026-06-13,0.032047816650366434,false,false,Correct rejection,,,Coimbra,rain,3,40,Historical weather replay; overlapping forecast windows
7,2026-06-10,2026-06-11,2026-06-13,0.032047816650366434,false,false,Correct rejection,,,Coimbra,rain,3,40,Historical weather replay; overlapping forecast windows
8,2026-06-10,2026-06-11,2026-06-13,0.032047816650366434,false,false,Correct rejection,,,Coimbra,rain,3,40,Historical weather replay; overlapping forecast windows
4,2026-06-11,2026-06-12,2026-06-14,0.04121949445177263,false,false,Correct rejection,,,Coimbra,rain,3,40,Historical weather replay; overlapping forecast windows
5,2026-06-11,2026-06-12,2026-06-14,0.04790922989100152,false,false,Correct rejection,,,Coimbra,rain,3,40,Historical weather replay; overlapping forecast windows
6,2026-06-11,2026-06-12,2026-06-14,0.04121949445177263,false,false,Correct rejection,,,Coimbra,rain,3,40,Historical weather replay; overlapping forecast windows
7,2026-06-11,2026-06-12,2026-06-14,0.04121949445177263,false,false,Correct rejection,,,Coimbra,rain,3,40,Historical weather replay; overlapping forecast windows
8,2026-06-11,2026-06-12,2026-06-14,0.04121949445177263,false,false,Correct rejection,,,Coimbra,rain,3,40,Historical weather replay; overlapping forecast windows
4,2026-06-12,2026-06-13,2026-06-15,0.08015693372663471,false,false,Correct rejection,,,Coimbra,rain,3,40,Historical weather replay; overlapping forecast windows
5,2026-06-12,2026-06-13,2026-06-15,0.08351702345936911,false,false,Correct rejection,,,Coimbra,rain,3,40,Historical weather replay; overlapping forecast windows
6,2026-06-12,2026-06-13,2026-06-15,0.08015693372663471,false,false,Correct rejection,,,Coimbra,rain,3,40,Historical weather replay; overlapping forecast windows
7,2026-06-12,2026-06-13,2026-06-15,0.08015693372663471,false,false,Correct rejection,,,Coimbra,rain,3,40,Historical weather replay; overlapping forecast windows
8,2026-06-12,2026-06-13,2026-06-15,0.08015693372663471,false,false,Correct rejection,,,Coimbra,rain,3,40,Historical weather replay; overlapping forecast windows
4,2026-06-13,2026-06-14,2026-06-16,0.04225845592744838,false,false,Correct rejection,,,Coimbra,rain,3,40,Historical weather replay; overlapping forecast windows
5,2026-06-13,2026-06-14,2026-06-16,0.04360264445078353,false,false,Correct rejection,,,Coimbra,rain,3,40,Historical weather replay; overlapping forecast windows
6,2026-06-13,2026-06-14,2026-06-16,0.04225845592744838,false,false,Correct rejection,,,Coimbra,rain,3,40,Historical weather replay; overlapping forecast windows
7,2026-06-13,2026-06-14,2026-06-16,0.04225845592744838,false,false,Correct rejection,,,Coimbra,rain,3,40,Historical weather replay; overlapping forecast windows
8,2026-06-13,2026-06-14,2026-06-16,0.04225845592744838,false,false,Correct rejection,,,Coimbra,rain,3,40,Historical weather replay; overlapping forecast windows
4,2026-06-14,2026-06-15,2026-06-17,0.10520159839749099,false,false,Correct rejection,,,Coimbra,rain,3,40,Historical weather replay; overlapping forecast windows
5,2026-06-14,2026-06-15,2026-06-17,0.09862702223126023,false,false,Correct rejection,,,Coimbra,rain,3,40,Historical weather replay; overlapping forecast windows
6,2026-06-14,2026-06-15,2026-06-17,0.10520159839749099,false,false,Correct rejection,,,Coimbra,rain,3,40,Historical weather replay; overlapping forecast windows
7,2026-06-14,2026-06-15,2026-06-17,0.10520159839749099,false,false,Correct rejection,,,Coimbra,rain,3,40,Historical weather replay; overlapping forecast windows
8,2026-06-14,2026-06-15,2026-06-17,0.10520159839749099,false,false,Correct rejection,,,Coimbra,rain,3,40,Historical weather replay; overlapping forecast windows
4,2026-06-15,2026-06-16,2026-06-18,0.0748612389750625,false,false,Correct rejection,,,Coimbra,rain,3,40,Historical weather replay; overlapping forecast windows
5,2026-06-15,2026-06-16,2026-06-18,0.07222754205864952,false,false,Correct rejection,,,Coimbra,rain,3,40,Historical weather replay; overlapping forecast windows
6,2026-06-15,2026-06-16,2026-06-18,0.0748612389750625,false,false,Correct rejection,,,Coimbra,rain,3,40,Historical weather replay; overlapping forecast windows
7,2026-06-15,2026-06-16,2026-06-18,0.0748612389750625,false,false,Correct rejection,,,Coimbra,rain,3,40,Historical weather replay; overlapping forecast windows
8,2026-06-15,2026-06-16,2026-06-18,0.0748612389750625,false,false,Correct rejection,,,Coimbra,rain,3,40,Historical weather replay; overlapping forecast windows
4,2026-06-16,2026-06-17,2026-06-19,0.05891241313562354,false,false,Correct rejection,,,Coimbra,rain,3,40,Historical weather replay; overlapping forecast windows
5,2026-06-16,2026-06-17,2026-06-19,0.0642769528304527,false,false,Correct rejection,,,Coimbra,rain,3,40,Historical weather replay; overlapping forecast windows
6,2026-06-16,2026-06-17,2026-06-19,0.05891241313562354,false,false,Correct rejection,,,Coimbra,rain,3,40,Historical weather replay; overlapping forecast windows
7,2026-06-16,2026-06-17,2026-06-19,0.05891241313562354,false,false,Correct rejection,,,Coimbra,rain,3,40,Historical weather replay; overlapping forecast windows
8,2026-06-16,2026-06-17,2026-06-19,0.05891241313562354,false,false,Correct rejection,,,Coimbra,rain,3,40,Historical weather replay; overlapping forecast windows
4,2026-06-17,2026-06-18,2026-06-20,0.034135353118229225,false,false,Correct rejection,,,Coimbra,rain,3,40,Historical weather replay; overlapping forecast windows
5,2026-06-17,2026-06-18,2026-06-20,0.03722609075200319,false,false,Correct rejection,,,Coimbra,rain,3,40,Historical weather replay; overlapping forecast windows
6,2026-06-17,2026-06-18,2026-06-20,0.034135353118229225,false,false,Correct rejection,,,Coimbra,rain,3,40,Historical weather replay; overlapping forecast windows
7,2026-06-17,2026-06-18,2026-06-20,0.034135353118229225,false,false,Correct rejection,,,Coimbra,rain,3,40,Historical weather replay; overlapping forecast windows
8,2026-06-17,2026-06-18,2026-06-20,0.034135353118229225,false,false,Correct rejection,,,Coimbra,rain,3,40,Historical weather replay; overlapping forecast windows
4,2026-06-18,2026-06-19,2026-06-21,0.05398418432243748,false,false,Correct rejection,,,Coimbra,rain,3,40,Historical weather replay; overlapping forecast windows
5,2026-06-18,2026-06-19,2026-06-21,0.05871843490475066,false,false,Correct rejection,,,Coimbra,rain,3,40,Historical weather replay; overlapping forecast windows
6,2026-06-18,2026-06-19,2026-06-21,0.05398418432243748,false,false,Correct rejection,,,Coimbra,rain,3,40,Historical weather replay; overlapping forecast windows
7,2026-06-18,2026-06-19,2026-06-21,0.05398418432243748,false,false,Correct rejection,,,Coimbra,rain,3,40,Historical weather replay; overlapping forecast windows
8,2026-06-18,2026-06-19,2026-06-21,0.05398418432243748,false,false,Correct rejection,,,Coimbra,rain,3,40,Historical weather replay; overlapping forecast windows
4,2026-06-19,2026-06-20,2026-06-22,0.07189310902574791,false,false,Correct rejection,,,Coimbra,rain,3,40,Historical weather replay; overlapping forecast windows
5,2026-06-19,2026-06-20,2026-06-22,0.07503717124209519,false,false,Correct rejection,,,Coimbra,rain,3,40,Historical weather replay; overlapping forecast windows
6,2026-06-19,2026-06-20,2026-06-22,0.07189310902574791,false,false,Correct rejection,,,Coimbra,rain,3,40,Historical weather replay; overlapping forecast windows
7,2026-06-19,2026-06-20,2026-06-22,0.07189310902574791,false,false,Correct rejection,,,Coimbra,rain,3,40,Historical weather replay; overlapping forecast windows
8,2026-06-19,2026-06-20,2026-06-22,0.07189310902574791,false,false,Correct rejection,,,Coimbra,rain,3,40,Historical weather replay; overlapping forecast windows
4,2026-06-20,2026-06-21,2026-06-23,0.06889585987936317,false,false,Correct rejection,,,Coimbra,rain,3,40,Historical weather replay; overlapping forecast windows
5,2026-06-20,2026-06-21,2026-06-23,0.07060847378939553,false,false,Correct rejection,,,Coimbra,rain,3,40,Historical weather replay; overlapping forecast windows
6,2026-06-20,2026-06-21,2026-06-23,0.06889585987936317,false,false,Correct rejection,,,Coimbra,rain,3,40,Historical weather replay; overlapping forecast windows
7,2026-06-20,2026-06-21,2026-06-23,0.06889585987936317,false,false,Correct rejection,,,Coimbra,rain,3,40,Historical weather replay; overlapping forecast windows
8,2026-06-20,2026-06-21,2026-06-23,0.06889585987936317,false,false,Correct rejection,,,Coimbra,rain,3,40,Historical weather replay; overlapping forecast windows
4,2026-06-21,2026-06-22,2026-06-24,0.0709162942204141,false,false,Correct rejection,,,Coimbra,rain,3,40,Historical weather replay; overlapping forecast windows
5,2026-06-21,2026-06-22,2026-06-24,0.07223345623414996,false,false,Correct rejection,,,Coimbra,rain,3,40,Historical weather replay; overlapping forecast windows
6,2026-06-21,2026-06-22,2026-06-24,0.0709162942204141,false,false,Correct rejection,,,Coimbra,rain,3,40,Historical weather replay; overlapping forecast windows
7,2026-06-21,2026-06-22,2026-06-24,0.0709162942204141,false,false,Correct rejection,,,Coimbra,rain,3,40,Historical weather replay; overlapping forecast windows
8,2026-06-21,2026-06-22,2026-06-24,0.0709162942204141,false,false,Correct rejection,,,Coimbra,rain,3,40,Historical weather replay; overlapping forecast windows
4,2026-06-22,2026-06-23,2026-06-25,0.13438574057766137,false,false,Correct rejection,,,Coimbra,rain,3,40,Historical weather replay; overlapping forecast windows
5,2026-06-22,2026-06-23,2026-06-25,0.13950528801729664,false,false,Correct rejection,,,Coimbra,rain,3,40,Historical weather replay; overlapping forecast windows
6,2026-06-22,2026-06-23,2026-06-25,0.13438574057766137,false,false,Correct rejection,,,Coimbra,rain,3,40,Historical weather replay; overlapping forecast windows
7,2026-06-22,2026-06-23,2026-06-25,0.13438574057766137,false,false,Correct rejection,,,Coimbra,rain,3,40,Historical weather replay; overlapping forecast windows
8,2026-06-22,2026-06-23,2026-06-25,0.13438574057766137,false,false,Correct rejection,,,Coimbra,rain,3,40,Historical weather replay; overlapping forecast windows
4,2026-06-23,2026-06-24,2026-06-26,0.1172850333576361,false,false,Correct rejection,,,Coimbra,rain,3,40,Historical weather replay; overlapping forecast windows
5,2026-06-23,2026-06-24,2026-06-26,0.11880903790869757,false,false,Correct rejection,,,Coimbra,rain,3,40,Historical weather replay; overlapping forecast windows
6,2026-06-23,2026-06-24,2026-06-26,0.1172850333576361,false,false,Correct rejection,,,Coimbra,rain,3,40,Historical weather replay; overlapping forecast windows
7,2026-06-23,2026-06-24,2026-06-26,0.1172850333576361,false,false,Correct rejection,,,Coimbra,rain,3,40,Historical weather replay; overlapping forecast windows
8,2026-06-23,2026-06-24,2026-06-26,0.1172850333576361,false,false,Correct rejection,,,Coimbra,rain,3,40,Historical weather replay; overlapping forecast windows
4,2026-06-24,2026-06-25,2026-06-27,0.15280036772065342,false,false,Correct rejection,,,Coimbra,rain,3,40,Historical weather replay; overlapping forecast windows
5,2026-06-24,2026-06-25,2026-06-27,0.14731643541557074,false,false,Correct rejection,,,Coimbra,rain,3,40,Historical weather replay; overlapping forecast windows
6,2026-06-24,2026-06-25,2026-06-27,0.15280036772065342,false,false,Correct rejection,,,Coimbra,rain,3,40,Historical weather replay; overlapping forecast windows
7,2026-06-24,2026-06-25,2026-06-27,0.15280036772065342,false,false,Correct rejection,,,Coimbra,rain,3,40,Historical weather replay; overlapping forecast windows
8,2026-06-24,2026-06-25,2026-06-27,0.15280036772065342,false,false,Correct rejection,,,Coimbra,rain,3,40,Historical weather replay; overlapping forecast windows
4,2026-06-25,2026-06-26,2026-06-28,0.10634347234131904,false,false,Correct rejection,,,Coimbra,rain,3,40,Historical weather replay; overlapping forecast windows
5,2026-06-25,2026-06-26,2026-06-28,0.11479609241147921,false,false,Correct rejection,,,Coimbra,rain,3,40,Historical weather replay; overlapping forecast windows
6,2026-06-25,2026-06-26,2026-06-28,0.10634347234131904,false,false,Correct rejection,,,Coimbra,rain,3,40,Historical weather replay; overlapping forecast windows
7,2026-06-25,2026-06-26,2026-06-28,0.10634347234131904,false,false,Correct rejection,,,Coimbra,rain,3,40,Historical weather replay; overlapping forecast windows
8,2026-06-25,2026-06-26,2026-06-28,0.10634347234131904,false,false,Correct rejection,,,Coimbra,rain,3,40,Historical weather replay; overlapping forecast windows
4,2026-06-26,2026-06-27,2026-06-29,0.13307466164322176,false,false,Correct rejection,,,Coimbra,rain,3,40,Historical weather replay; overlapping forecast windows
5,2026-06-26,2026-06-27,2026-06-29,0.14329673750124683,false,false,Correct rejection,,,Coimbra,rain,3,40,Historical weather replay; overlapping forecast windows
6,2026-06-26,2026-06-27,2026-06-29,0.13307466164322176,false,false,Correct rejection,,,Coimbra,rain,3,40,Historical weather replay; overlapping forecast windows
7,2026-06-26,2026-06-27,2026-06-29,0.13307466164322176,false,false,Correct rejection,,,Coimbra,rain,3,40,Historical weather replay; overlapping forecast windows
8,2026-06-26,2026-06-27,2026-06-29,0.13307466164322176,false,false,Correct rejection,,,Coimbra,rain,3,40,Historical weather replay; overlapping forecast windows
4,2026-06-27,2026-06-28,2026-06-30,0.05719013664675051,false,false,Correct rejection,,,Coimbra,rain,3,40,Historical weather replay; overlapping forecast windows
5,2026-06-27,2026-06-28,2026-06-30,0.05773478524502299,false,false,Correct rejection,,,Coimbra,rain,3,40,Historical weather replay; overlapping forecast windows
6,2026-06-27,2026-06-28,2026-06-30,0.05719013664675051,false,false,Correct rejection,,,Coimbra,rain,3,40,Historical weather replay; overlapping forecast windows
7,2026-06-27,2026-06-28,2026-06-30,0.05719013664675051,false,false,Correct rejection,,,Coimbra,rain,3,40,Historical weather replay; overlapping forecast windows
8,2026-06-27,2026-06-28,2026-06-30,0.05719013664675051,false,false,Correct rejection,,,Coimbra,rain,3,40,Historical weather replay; overlapping forecast windows
4,2026-06-28,2026-06-29,2026-07-01,0.07444055056587784,false,false,Correct rejection,,,Coimbra,rain,3,40,Historical weather replay; overlapping forecast windows
5,2026-06-28,2026-06-29,2026-07-01,0.07154941712700982,false,false,Correct rejection,,,Coimbra,rain,3,40,Historical weather replay; overlapping forecast windows
6,2026-06-28,2026-06-29,2026-07-01,0.07444055056587784,false,false,Correct rejection,,,Coimbra,rain,3,40,Historical weather replay; overlapping forecast windows
7,2026-06-28,2026-06-29,2026-07-01,0.07444055056587784,false,false,Correct rejection,,,Coimbra,rain,3,40,Historical weather replay; overlapping forecast windows
8,2026-06-28,2026-06-29,2026-07-01,0.07444055056587784,false,false,Correct rejection,,,Coimbra,rain,3,40,Historical weather replay; overlapping forecast windows
4,2026-06-29,2026-06-30,2026-07-02,0.05308778600031384,false,false,Correct rejection,,,Coimbra,rain,3,40,Historical weather replay; overlapping forecast windows
5,2026-06-29,2026-06-30,2026-07-02,0.06198025053159161,false,false,Correct rejection,,,Coimbra,rain,3,40,Historical weather replay; overlapping forecast windows
6,2026-06-29,2026-06-30,2026-07-02,0.05308778600031384,false,false,Correct rejection,,,Coimbra,rain,3,40,Historical weather replay; overlapping forecast windows
7,2026-06-29,2026-06-30,2026-07-02,0.05308778600031384,false,false,Correct rejection,,,Coimbra,rain,3,40,Historical weather replay; overlapping forecast windows
8,2026-06-29,2026-06-30,2026-07-02,0.05308778600031384,false,false,Correct rejection,,,Coimbra,rain,3,40,Historical weather replay; overlapping forecast windows
4,2026-06-30,2026-07-01,2026-07-03,0.05737546282819183,false,false,Correct rejection,,,Coimbra,rain,3,40,Historical weather replay; overlapping forecast windows
5,2026-06-30,2026-07-01,2026-07-03,0.059437696997333374,false,false,Correct rejection,,,Coimbra,rain,3,40,Historical weather replay; overlapping forecast windows
6,2026-06-30,2026-07-01,2026-07-03,0.05737546282819183,false,false,Correct rejection,,,Coimbra,rain,3,40,Historical weather replay; overlapping forecast windows
7,2026-06-30,2026-07-01,2026-07-03,0.05737546282819183,false,false,Correct rejection,,,Coimbra,rain,3,40,Historical weather replay; overlapping forecast windows
8,2026-06-30,2026-07-01,2026-07-03,0.05737546282819183,false,false,Correct rejection,,,Coimbra,rain,3,40,Historical weather replay; overlapping forecast windows
4,2026-07-01,2026-07-02,2026-07-04,0.050913091986959196,false,false,Correct rejection,,,Coimbra,rain,3,40,Historical weather replay; overlapping forecast windows
5,2026-07-01,2026-07-02,2026-07-04,0.05870922834501294,false,false,Correct rejection,,,Coimbra,rain,3,40,Historical weather replay; overlapping forecast windows
6,2026-07-01,2026-07-02,2026-07-04,0.050913091986959196,false,false,Correct rejection,,,Coimbra,rain,3,40,Historical weather replay; overlapping forecast windows
7,2026-07-01,2026-07-02,2026-07-04,0.050913091986959196,false,false,Correct rejection,,,Coimbra,rain,3,40,Historical weather replay; overlapping forecast windows
8,2026-07-01,2026-07-02,2026-07-04,0.050913091986959196,false,false,Correct rejection,,,Coimbra,rain,3,40,Historical weather replay; overlapping forecast windows
4,2026-07-02,2026-07-03,2026-07-05,0.04212415265538215,false,false,Correct rejection,,,Coimbra,rain,3,40,Historical weather replay; overlapping forecast windows
5,2026-07-02,2026-07-03,2026-07-05,0.044262891766119576,false,false,Correct rejection,,,Coimbra,rain,3,40,Historical weather replay; overlapping forecast windows
6,2026-07-02,2026-07-03,2026-07-05,0.04212415265538215,false,false,Correct rejection,,,Coimbra,rain,3,40,Historical weather replay; overlapping forecast windows
7,2026-07-02,2026-07-03,2026-07-05,0.04212415265538215,false,false,Correct rejection,,,Coimbra,rain,3,40,Historical weather replay; overlapping forecast windows
8,2026-07-02,2026-07-03,2026-07-05,0.04212415265538215,false,false,Correct rejection,,,Coimbra,rain,3,40,Historical weather replay; overlapping forecast windows
4,2026-07-03,2026-07-04,2026-07-06,0.029899010887550242,false,false,Correct rejection,,,Coimbra,rain,3,40,Historical weather replay; overlapping forecast windows
5,2026-07-03,2026-07-04,2026-07-06,0.029715031433362044,false,false,Correct rejection,,,Coimbra,rain,3,40,Historical weather replay; overlapping forecast windows
6,2026-07-03,2026-07-04,2026-07-06,0.029899010887550242,false,false,Correct rejection,,,Coimbra,rain,3,40,Historical weather replay; overlapping forecast windows
7,2026-07-03,2026-07-04,2026-07-06,0.029899010887550242,false,false,Correct rejection,,,Coimbra,rain,3,40,Historical weather replay; overlapping forecast windows
8,2026-07-03,2026-07-04,2026-07-06,0.029899010887550242,false,false,Correct rejection,,,Coimbra,rain,3,40,Historical weather replay; overlapping forecast windows
4,2026-07-04,2026-07-05,2026-07-07,0.03313420940560386,false,false,Correct rejection,,,Coimbra,rain,3,40,Historical weather replay; overlapping forecast windows
5,2026-07-04,2026-07-05,2026-07-07,0.037153428323578874,false,false,Correct rejection,,,Coimbra,rain,3,40,Historical weather replay; overlapping forecast windows
6,2026-07-04,2026-07-05,2026-07-07,0.03313420940560386,false,false,Correct rejection,,,Coimbra,rain,3,40,Historical weather replay; overlapping forecast windows
7,2026-07-04,2026-07-05,2026-07-07,0.03313420940560386,false,false,Correct rejection,,,Coimbra,rain,3,40,Historical weather replay; overlapping forecast windows
8,2026-07-04,2026-07-05,2026-07-07,0.03313420940560386,false,false,Correct rejection,,,Coimbra,rain,3,40,Historical weather replay; overlapping forecast windows
4,2026-07-05,2026-07-06,2026-07-08,0.13787184789741844,false,false,Correct rejection,,,Coimbra,rain,3,40,Historical weather replay; overlapping forecast windows
5,2026-07-05,2026-07-06,2026-07-08,0.15868154440667567,false,false,Correct rejection,,,Coimbra,rain,3,40,Historical weather replay; overlapping forecast windows
6,2026-07-05,2026-07-06,2026-07-08,0.13787184789741844,false,false,Correct rejection,,,Coimbra,rain,3,40,Historical weather replay; overlapping forecast windows
7,2026-07-05,2026-07-06,2026-07-08,0.13787184789741844,false,false,Correct rejection,,,Coimbra,rain,3,40,Historical weather replay; overlapping forecast windows
8,2026-07-05,2026-07-06,2026-07-08,0.13787184789741844,false,false,Correct rejection,,,Coimbra,rain,3,40,Historical weather replay; overlapping forecast windows
4,2026-07-06,2026-07-07,2026-07-09,0.0657730420110118,false,false,Correct rejection,,,Coimbra,rain,3,40,Historical weather replay; overlapping forecast windows
5,2026-07-06,2026-07-07,2026-07-09,0.07152508336795749,false,false,Correct rejection,,,Coimbra,rain,3,40,Historical weather replay; overlapping forecast windows
6,2026-07-06,2026-07-07,2026-07-09,0.0657730420110118,false,false,Correct rejection,,,Coimbra,rain,3,40,Historical weather replay; overlapping forecast windows
7,2026-07-06,2026-07-07,2026-07-09,0.0657730420110118,false,false,Correct rejection,,,Coimbra,rain,3,40,Historical weather replay; overlapping forecast windows
8,2026-07-06,2026-07-07,2026-07-09,0.0657730420110118,false,false,Correct rejection,,,Coimbra,rain,3,40,Historical weather replay; overlapping forecast windows
4,2026-07-07,2026-07-08,2026-07-10,0.06547064361686832,false,false,Correct rejection,,,Coimbra,rain,3,40,Historical weather replay; overlapping forecast windows
5,2026-07-07,2026-07-08,2026-07-10,0.07224608356417717,false,false,Correct rejection,,,Coimbra,rain,3,40,Historical weather replay; overlapping forecast windows
6,2026-07-07,2026-07-08,2026-07-10,0.06547064361686832,false,false,Correct rejection,,,Coimbra,rain,3,40,Historical weather replay; overlapping forecast windows
7,2026-07-07,2026-07-08,2026-07-10,0.06547064361686832,false,false,Correct rejection,,,Coimbra,rain,3,40,Historical weather replay; overlapping forecast windows
8,2026-07-07,2026-07-08,2026-07-10,0.06547064361686832,false,false,Correct rejection,,,Coimbra,rain,3,40,Historical weather replay; overlapping forecast windows
4,2026-07-08,2026-07-09,2026-07-11,0.06809905257542527,false,false,Correct rejection,,,Coimbra,rain,3,40,Historical weather replay; overlapping forecast windows
5,2026-07-08,2026-07-09,2026-07-11,0.08040766533896752,false,false,Correct rejection,,,Coimbra,rain,3,40,Historical weather replay; overlapping forecast windows
6,2026-07-08,2026-07-09,2026-07-11,0.06809905257542527,false,false,Correct rejection,,,Coimbra,rain,3,40,Historical weather replay; overlapping forecast windows
7,2026-07-08,2026-07-09,2026-07-11,0.06809905257542527,false,false,Correct rejection,,,Coimbra,rain,3,40,Historical weather replay; overlapping forecast windows
8,2026-07-08,2026-07-09,2026-07-11,0.06809905257542527,false,false,Correct rejection,,,Coimbra,rain,3,40,Historical weather replay; overlapping forecast windows
4,2026-07-09,2026-07-10,2026-07-12,0.07572701881538856,false,false,Correct rejection,,,Coimbra,rain,3,40,Historical weather replay; overlapping forecast windows
5,2026-07-09,2026-07-10,2026-07-12,0.07633463404946805,false,false,Correct rejection,,,Coimbra,rain,3,40,Historical weather replay; overlapping forecast windows
6,2026-07-09,2026-07-10,2026-07-12,0.07572701881538856,false,false,Correct rejection,,,Coimbra,rain,3,40,Historical weather replay; overlapping forecast windows
7,2026-07-09,2026-07-10,2026-07-12,0.07572701881538856,false,false,Correct rejection,,,Coimbra,rain,3,40,Historical weather replay; overlapping forecast windows
8,2026-07-09,2026-07-10,2026-07-12,0.07572701881538856,false,false,Correct rejection,,,Coimbra,rain,3,40,Historical weather replay; overlapping forecast windows
4,2026-07-10,2026-07-11,2026-07-13,0.06980398603974967,false,false,Correct rejection,,,Coimbra,rain,3,40,Historical weather replay; overlapping forecast windows
5,2026-07-10,2026-07-11,2026-07-13,0.06341917510412463,false,false,Correct rejection,,,Coimbra,rain,3,40,Historical weather replay; overlapping forecast windows
6,2026-07-10,2026-07-11,2026-07-13,0.06980398603974967,false,false,Correct rejection,,,Coimbra,rain,3,40,Historical weather replay; overlapping forecast windows
7,2026-07-10,2026-07-11,2026-07-13,0.06980398603974967,false,false,Correct rejection,,,Coimbra,rain,3,40,Historical weather replay; overlapping forecast windows
8,2026-07-10,2026-07-11,2026-07-13,0.06980398603974967,false,false,Correct rejection,,,Coimbra,rain,3,40,Historical weather replay; overlapping forecast windows
4,2026-07-11,2026-07-12,2026-07-14,0.043994951001398074,false,false,Correct rejection,,,Coimbra,rain,3,40,Historical weather replay; overlapping forecast windows
5,2026-07-11,2026-07-12,2026-07-14,0.055869783663629095,false,false,Correct rejection,,,Coimbra,rain,3,40,Historical weather replay; overlapping forecast windows
6,2026-07-11,2026-07-12,2026-07-14,0.043994951001398074,false,false,Correct rejection,,,Coimbra,rain,3,40,Historical weather replay; overlapping forecast windows
7,2026-07-11,2026-07-12,2026-07-14,0.043994951001398074,false,false,Correct rejection,,,Coimbra,rain,3,40,Historical weather replay; overlapping forecast windows
8,2026-07-11,2026-07-12,2026-07-14,0.043994951001398074,false,false,Correct rejection,,,Coimbra,rain,3,40,Historical weather replay; overlapping forecast windows
4,2026-07-12,2026-07-13,2026-07-15,0.07327329377510489,false,false,Correct rejection,,,Coimbra,rain,3,40,Historical weather replay; overlapping forecast windows
5,2026-07-12,2026-07-13,2026-07-15,0.07911609365854783,false,false,Correct rejection,,,Coimbra,rain,3,40,Historical weather replay; overlapping forecast windows
6,2026-07-12,2026-07-13,2026-07-15,0.07327329377510489,false,false,Correct rejection,,,Coimbra,rain,3,40,Historical weather replay; overlapping forecast windows
7,2026-07-12,2026-07-13,2026-07-15,0.07327329377510489,false,false,Correct rejection,,,Coimbra,rain,3,40,Historical weather replay; overlapping forecast windows
8,2026-07-12,2026-07-13,2026-07-15,0.07327329377510489,false,false,Correct rejection,,,Coimbra,rain,3,40,Historical weather replay; overlapping forecast windows
4,2026-07-13,2026-07-14,2026-07-16,0.08960044513890623,false,false,Correct rejection,,,Coimbra,rain,3,40,Historical weather replay; overlapping forecast windows
5,2026-07-13,2026-07-14,2026-07-16,0.102451799996715,false,false,Correct rejection,,,Coimbra,rain,3,40,Historical weather replay; overlapping forecast windows
6,2026-07-13,2026-07-14,2026-07-16,0.08960044513890623,false,false,Correct rejection,,,Coimbra,rain,3,40,Historical weather replay; overlapping forecast windows
7,2026-07-13,2026-07-14,2026-07-16,0.08960044513890623,false,false,Correct rejection,,,Coimbra,rain,3,40,Historical weather replay; overlapping forecast windows
8,2026-07-13,2026-07-14,2026-07-16,0.08960044513890623,false,false,Correct rejection,,,Coimbra,rain,3,40,Historical weather replay; overlapping forecast windows
4,2026-07-14,2026-07-15,2026-07-17,0.07119138933589188,false,false,Correct rejection,,,Coimbra,rain,3,40,Historical weather replay; overlapping forecast windows
5,2026-07-14,2026-07-15,2026-07-17,0.08035049715897705,false,false,Correct rejection,,,Coimbra,rain,3,40,Historical weather replay; overlapping forecast windows
6,2026-07-14,2026-07-15,2026-07-17,0.07119138933589188,false,false,Correct rejection,,,Coimbra,rain,3,40,Historical weather replay; overlapping forecast windows
7,2026-07-14,2026-07-15,2026-07-17,0.07119138933589188,false,false,Correct rejection,,,Coimbra,rain,3,40,Historical weather replay; overlapping forecast windows
8,2026-07-14,2026-07-15,2026-07-17,0.07119138933589188,false,false,Correct rejection,,,Coimbra,rain,3,40,Historical weather replay; overlapping forecast windows
4,2026-07-15,2026-07-16,2026-07-18,0.09056087869391369,false,false,Correct rejection,,,Coimbra,rain,3,40,Historical weather replay; overlapping forecast windows
5,2026-07-15,2026-07-16,2026-07-18,0.1064153946189401,false,false,Correct rejection,,,Coimbra,rain,3,40,Historical weather replay; overlapping forecast windows
6,2026-07-15,2026-07-16,2026-07-18,0.09056087869391369,false,false,Correct rejection,,,Coimbra,rain,3,40,Historical weather replay; overlapping forecast windows
7,2026-07-15,2026-07-16,2026-07-18,0.09056087869391369,false,false,Correct rejection,,,Coimbra,rain,3,40,Historical weather replay; overlapping forecast windows
8,2026-07-15,2026-07-16,2026-07-18,0.09056087869391369,false,false,Correct rejection,,,Coimbra,rain,3,40,Historical weather replay; overlapping forecast windows
4,2026-07-16,2026-07-17,2026-07-19,0.07893659604728641,false,false,Correct rejection,,,Coimbra,rain,3,40,Historical weather replay; overlapping forecast windows
5,2026-07-16,2026-07-17,2026-07-19,0.08524514118506428,false,false,Correct rejection,,,Coimbra,rain,3,40,Historical weather replay; overlapping forecast windows
6,2026-07-16,2026-07-17,2026-07-19,0.07893659604728641,false,false,Correct rejection,,,Coimbra,rain,3,40,Historical weather replay; overlapping forecast windows
7,2026-07-16,2026-07-17,2026-07-19,0.07893659604728641,false,false,Correct rejection,,,Coimbra,rain,3,40,Historical weather replay; overlapping forecast windows
8,2026-07-16,2026-07-17,2026-07-19,0.07893659604728641,false,false,Correct rejection,,,Coimbra,rain,3,40,Historical weather replay; overlapping forecast windows
4,2026-07-17,2026-07-18,2026-07-20,0.1522283154015771,false,false,Correct rejection,,,Coimbra,rain,3,40,Historical weather replay; overlapping forecast windows
5,2026-07-17,2026-07-18,2026-07-20,0.1989290654019264,false,false,Correct rejection,,,Coimbra,rain,3,40,Historical weather replay; overlapping forecast windows
6,2026-07-17,2026-07-18,2026-07-20,0.1522283154015771,false,false,Correct rejection,,,Coimbra,rain,3,40,Historical weather replay; overlapping forecast windows
7,2026-07-17,2026-07-18,2026-07-20,0.1522283154015771,false,false,Correct rejection,,,Coimbra,rain,3,40,Historical weather replay; overlapping forecast windows
8,2026-07-17,2026-07-18,2026-07-20,0.1522283154015771,false,false,Correct rejection,,,Coimbra,rain,3,40,Historical weather replay; overlapping forecast windows
4,2026-07-18,2026-07-19,2026-07-21,0.1786442649573602,false,false,Correct rejection,,,Coimbra,rain,3,40,Historical weather replay; overlapping forecast windows
5,2026-07-18,2026-07-19,2026-07-21,0.20369685630352433,false,false,Correct rejection,,,Coimbra,rain,3,40,Historical weather replay; overlapping forecast windows
6,2026-07-18,2026-07-19,2026-07-21,0.1786442649573602,false,false,Correct rejection,,,Coimbra,rain,3,40,Historical weather replay; overlapping forecast windows
7,2026-07-18,2026-07-19,2026-07-21,0.1786442649573602,false,false,Correct rejection,,,Coimbra,rain,3,40,Historical weather replay; overlapping forecast windows
8,2026-07-18,2026-07-19,2026-07-21,0.1786442649573602,false,false,Correct rejection,,,Coimbra,rain,3,40,Historical weather replay; overlapping forecast windows
4,2026-07-19,2026-07-20,2026-07-22,0.1840913914738223,false,false,Correct rejection,,,Coimbra,rain,3,40,Historical weather replay; overlapping forecast windows
5,2026-07-19,2026-07-20,2026-07-22,0.1985857167874838,false,false,Correct rejection,,,Coimbra,rain,3,40,Historical weather replay; overlapping forecast windows
6,2026-07-19,2026-07-20,2026-07-22,0.1840913914738223,false,false,Correct rejection,,,Coimbra,rain,3,40,Historical weather replay; overlapping forecast windows
7,2026-07-19,2026-07-20,2026-07-22,0.1840913914738223,false,false,Correct rejection,,,Coimbra,rain,3,40,Historical weather replay; overlapping forecast windows
8,2026-07-19,2026-07-20,2026-07-22,0.1840913914738223,false,false,Correct rejection,,,Coimbra,rain,3,40,Historical weather replay; overlapping forecast windows
4,2026-07-20,2026-07-21,2026-07-23,0.13329918305602778,false,false,Correct rejection,,,Coimbra,rain,3,40,Historical weather replay; overlapping forecast windows
5,2026-07-20,2026-07-21,2026-07-23,0.1493825315842764,false,false,Correct rejection,,,Coimbra,rain,3,40,Historical weather replay; overlapping forecast windows
6,2026-07-20,2026-07-21,2026-07-23,0.13329918305602778,false,false,Correct rejection,,,Coimbra,rain,3,40,Historical weather replay; overlapping forecast windows
7,2026-07-20,2026-07-21,2026-07-23,0.13329918305602778,false,false,Correct rejection,,,Coimbra,rain,3,40,Historical weather replay; overlapping forecast windows
8,2026-07-20,2026-07-21,2026-07-23,0.13329918305602778,false,false,Correct rejection,,,Coimbra,rain,3,40,Historical weather replay; overlapping forecast windows
4,2026-07-21,2026-07-22,2026-07-24,0.07259230376766845,false,false,Correct rejection,,,Coimbra,rain,3,40,Historical weather replay; overlapping forecast windows
5,2026-07-21,2026-07-22,2026-07-24,0.07874168261753398,false,false,Correct rejection,,,Coimbra,rain,3,40,Historical weather replay; overlapping forecast windows
6,2026-07-21,2026-07-22,2026-07-24,0.07259230376766845,false,false,Correct rejection,,,Coimbra,rain,3,40,Historical weather replay; overlapping forecast windows
7,2026-07-21,2026-07-22,2026-07-24,0.07259230376766845,false,false,Correct rejection,,,Coimbra,rain,3,40,Historical weather replay; overlapping forecast windows
8,2026-07-21,2026-07-22,2026-07-24,0.07259230376766845,false,false,Correct rejection,,,Coimbra,rain,3,40,Historical weather replay; overlapping forecast windows
4,2026-07-22,2026-07-23,2026-07-25,0.06913662667962758,false,false,Correct rejection,,,Coimbra,rain,3,40,Historical weather replay; overlapping forecast windows
5,2026-07-22,2026-07-23,2026-07-25,0.0679483577893211,false,false,Correct rejection,,,Coimbra,rain,3,40,Historical weather replay; overlapping forecast windows
6,2026-07-22,2026-07-23,2026-07-25,0.06913662667962758,false,false,Correct rejection,,,Coimbra,rain,3,40,Historical weather replay; overlapping forecast windows
7,2026-07-22,2026-07-23,2026-07-25,0.06913662667962758,false,false,Correct rejection,,,Coimbra,rain,3,40,Historical weather replay; overlapping forecast windows
8,2026-07-22,2026-07-23,2026-07-25,0.06913662667962758,false,false,Correct rejection,,,Coimbra,rain,3,40,Historical weather replay; overlapping forecast windows
4,2026-07-23,2026-07-24,2026-07-26,0.08513405241056524,false,false,Correct rejection,,,Coimbra,rain,3,40,Historical weather replay; overlapping forecast windows
5,2026-07-23,2026-07-24,2026-07-26,0.08242129877775731,false,false,Correct rejection,,,Coimbra,rain,3,40,Historical weather replay; overlapping forecast windows
6,2026-07-23,2026-07-24,2026-07-26,0.08513405241056524,false,false,Correct rejection,,,Coimbra,rain,3,40,Historical weather replay; overlapping forecast windows
7,2026-07-23,2026-07-24,2026-07-26,0.08513405241056524,false,false,Correct rejection,,,Coimbra,rain,3,40,Historical weather replay; overlapping forecast windows
8,2026-07-23,2026-07-24,2026-07-26,0.08513405241056524,false,false,Correct rejection,,,Coimbra,rain,3,40,Historical weather replay; overlapping forecast windows
4,2026-07-24,2026-07-25,2026-07-27,0.10856634506219211,false,false,Correct rejection,,,Coimbra,rain,3,40,Historical weather replay; overlapping forecast windows
5,2026-07-24,2026-07-25,2026-07-27,0.11399902948653835,false,false,Correct rejection,,,Coimbra,rain,3,40,Historical weather replay; overlapping forecast windows
6,2026-07-24,2026-07-25,2026-07-27,0.10856634506219211,false,false,Correct rejection,,,Coimbra,rain,3,40,Historical weather replay; overlapping forecast windows
7,2026-07-24,2026-07-25,2026-07-27,0.10856634506219211,false,false,Correct rejection,,,Coimbra,rain,3,40,Historical weather replay; overlapping forecast windows
8,2026-07-24,2026-07-25,2026-07-27,0.10856634506219211,false,false,Correct rejection,,,Coimbra,rain,3,40,Historical weather replay; overlapping forecast windows
4,2026-07-25,2026-07-26,2026-07-28,0.1095729280534616,false,false,Correct rejection,,,Coimbra,rain,3,40,Historical weather replay; overlapping forecast windows
5,2026-07-25,2026-07-26,2026-07-28,0.12360274204441975,false,false,Correct rejection,,,Coimbra,rain,3,40,Historical weather replay; overlapping forecast windows
6,2026-07-25,2026-07-26,2026-07-28,0.1095729280534616,false,false,Correct rejection,,,Coimbra,rain,3,40,Historical weather replay; overlapping forecast windows
7,2026-07-25,2026-07-26,2026-07-28,0.1095729280534616,false,false,Correct rejection,,,Coimbra,rain,3,40,Historical weather replay; overlapping forecast windows
8,2026-07-25,2026-07-26,2026-07-28,0.1095729280534616,false,false,Correct rejection,,,Coimbra,rain,3,40,Historical weather replay; overlapping forecast windows
4,2026-07-26,2026-07-27,2026-07-29,0.04837388292403321,false,false,Correct rejection,,,Coimbra,rain,3,40,Historical weather replay; overlapping forecast windows
5,2026-07-26,2026-07-27,2026-07-29,0.05063316255410305,false,false,Correct rejection,,,Coimbra,rain,3,40,Historical weather replay; overlapping forecast windows
6,2026-07-26,2026-07-27,2026-07-29,0.04837388292403321,false,false,Correct rejection,,,Coimbra,rain,3,40,Historical weather replay; overlapping forecast windows
7,2026-07-26,2026-07-27,2026-07-29,0.04837388292403321,false,false,Correct rejection,,,Coimbra,rain,3,40,Historical weather replay; overlapping forecast windows
8,2026-07-26,2026-07-27,2026-07-29,0.04837388292403321,false,false,Correct rejection,,,Coimbra,rain,3,40,Historical weather replay; overlapping forecast windows
4,2026-07-27,2026-07-28,2026-07-30,0.03282361040539473,false,false,Correct rejection,,,Coimbra,rain,3,40,Historical weather replay; overlapping forecast windows
5,2026-07-27,2026-07-28,2026-07-30,0.033204070067677824,false,false,Correct rejection,,,Coimbra,rain,3,40,Historical weather replay; overlapping forecast windows
6,2026-07-27,2026-07-28,2026-07-30,0.03282361040539473,false,false,Correct rejection,,,Coimbra,rain,3,40,Historical weather replay; overlapping forecast windows
7,2026-07-27,2026-07-28,2026-07-30,0.03282361040539473,false,false,Correct rejection,,,Coimbra,rain,3,40,Historical weather replay; overlapping forecast windows
8,2026-07-27,2026-07-28,2026-07-30,0.03282361040539473,false,false,Correct rejection,,,Coimbra,rain,3,40,Historical weather replay; overlapping forecast windows
4,2026-07-28,2026-07-29,2026-07-31,0.031335736247068716,false,false,Correct rejection,,,Coimbra,rain,3,40,Historical weather replay; overlapping forecast windows
5,2026-07-28,2026-07-29,2026-07-31,0.0320412741136781,false,false,Correct rejection,,,Coimbra,rain,3,40,Historical weather replay; overlapping forecast windows
6,2026-07-28,2026-07-29,2026-07-31,0.031335736247068716,false,false,Correct rejection,,,Coimbra,rain,3,40,Historical weather replay; overlapping forecast windows
7,2026-07-28,2026-07-29,2026-07-31,0.031335736247068716,false,false,Correct rejection,,,Coimbra,rain,3,40,Historical weather replay; overlapping forecast windows
8,2026-07-28,2026-07-29,2026-07-31,0.031335736247068716,false,false,Correct rejection,,,Coimbra,rain,3,40,Historical weather replay; overlapping forecast windows
4,2026-07-29,2026-07-30,2026-08-01,0.04660247958834032,false,false,Correct rejection,,,Coimbra,rain,3,40,Historical weather replay; overlapping forecast windows
5,2026-07-29,2026-07-30,2026-08-01,0.049654251692553227,false,false,Correct rejection,,,Coimbra,rain,3,40,Historical weather replay; overlapping forecast windows
6,2026-07-29,2026-07-30,2026-08-01,0.04660247958834032,false,false,Correct rejection,,,Coimbra,rain,3,40,Historical weather replay; overlapping forecast windows
7,2026-07-29,2026-07-30,2026-08-01,0.04660247958834032,false,false,Correct rejection,,,Coimbra,rain,3,40,Historical weather replay; overlapping forecast windows
8,2026-07-29,2026-07-30,2026-08-01,0.04660247958834032,false,false,Correct rejection,,,Coimbra,rain,3,40,Historical weather replay; overlapping forecast windows
4,2026-07-30,2026-07-31,2026-08-02,0.07461000317423054,false,false,Correct rejection,,,Coimbra,rain,3,40,Historical weather replay; overlapping forecast windows
5,2026-07-30,2026-07-31,2026-08-02,0.07519031494937198,false,false,Correct rejection,,,Coimbra,rain,3,40,Historical weather replay; overlapping forecast windows
6,2026-07-30,2026-07-31,2026-08-02,0.07461000317423054,false,false,Correct rejection,,,Coimbra,rain,3,40,Historical weather replay; overlapping forecast windows
7,2026-07-30,2026-07-31,2026-08-02,0.07461000317423054,false,false,Correct rejection,,,Coimbra,rain,3,40,Historical weather replay; overlapping forecast windows
8,2026-07-30,2026-07-31,2026-08-02,0.07461000317423054,false,false,Correct rejection,,,Coimbra,rain,3,40,Historical weather replay; overlapping forecast windows
4,2026-07-31,2026-08-01,2026-08-03,0.03763694761023956,false,false,Correct rejection,,,Coimbra,rain,3,40,Historical weather replay; overlapping forecast windows
5,2026-07-31,2026-08-01,2026-08-03,0.03600483233389172,false,false,Correct rejection,,,Coimbra,rain,3,40,Historical weather replay; overlapping forecast windows
6,2026-07-31,2026-08-01,2026-08-03,0.03763694761023956,false,false,Correct rejection,,,Coimbra,rain,3,40,Historical weather replay; overlapping forecast windows
7,2026-07-31,2026-08-01,2026-08-03,0.03763694761023956,false,false,Correct rejection,,,Coimbra,rain,3,40,Historical weather replay; overlapping forecast windows
8,2026-07-31,2026-08-01,2026-08-03,0.03763694761023956,false,false,Correct rejection,,,Coimbra,rain,3,40,Historical weather replay; overlapping forecast windows
4,2026-08-11,2026-08-12,2026-08-14,0.0788038916301782,false,false,Correct rejection,,,Coimbra,rain,3,40,Historical weather replay; overlapping forecast windows
5,2026-08-11,2026-08-12,2026-08-14,0.08783660200239798,false,false,Correct rejection,,,Coimbra,rain,3,40,Historical weather replay; overlapping forecast windows
6,2026-08-11,2026-08-12,2026-08-14,0.0788038916301782,false,false,Correct rejection,,,Coimbra,rain,3,40,Historical weather replay; overlapping forecast windows
7,2026-08-11,2026-08-12,2026-08-14,0.0788038916301782,false,false,Correct rejection,,,Coimbra,rain,3,40,Historical weather replay; overlapping forecast windows
8,2026-08-11,2026-08-12,2026-08-14,0.0788038916301782,false,false,Correct rejection,,,Coimbra,rain,3,40,Historical weather replay; overlapping forecast windows
4,2026-08-12,2026-08-13,2026-08-15,0.06897265961570703,false,false,Correct rejection,,,Coimbra,rain,3,40,Historical weather replay; overlapping forecast windows
5,2026-08-12,2026-08-13,2026-08-15,0.08158838321638803,false,false,Correct rejection,,,Coimbra,rain,3,40,Historical weather replay; overlapping forecast windows
6,2026-08-12,2026-08-13,2026-08-15,0.06897265961570703,false,false,Correct rejection,,,Coimbra,rain,3,40,Historical weather replay; overlapping forecast windows
7,2026-08-12,2026-08-13,2026-08-15,0.06897265961570703,false,false,Correct rejection,,,Coimbra,rain,3,40,Historical weather replay; overlapping forecast windows
8,2026-08-12,2026-08-13,2026-08-15,0.06897265961570703,false,false,Correct rejection,,,Coimbra,rain,3,40,Historical weather replay; overlapping forecast windows
4,2026-08-13,2026-08-14,2026-08-16,0.08877113198946604,false,false,Correct rejection,,,Coimbra,rain,3,40,Historical weather replay; overlapping forecast windows
5,2026-08-13,2026-08-14,2026-08-16,0.09325624941283135,false,false,Correct rejection,,,Coimbra,rain,3,40,Historical weather replay; overlapping forecast windows
6,2026-08-13,2026-08-14,2026-08-16,0.08877113198946604,false,false,Correct rejection,,,Coimbra,rain,3,40,Historical weather replay; overlapping forecast windows
7,2026-08-13,2026-08-14,2026-08-16,0.08877113198946604,false,false,Correct rejection,,,Coimbra,rain,3,40,Historical weather replay; overlapping forecast windows
8,2026-08-13,2026-08-14,2026-08-16,0.08877113198946604,false,false,Correct rejection,,,Coimbra,rain,3,40,Historical weather replay; overlapping forecast windows
4,2026-08-14,2026-08-15,2026-08-17,0.19371390503168273,false,false,Correct rejection,,,Coimbra,rain,3,40,Historical weather replay; overlapping forecast windows
5,2026-08-14,2026-08-15,2026-08-17,0.19557251636485873,false,false,Correct rejection,,,Coimbra,rain,3,40,Historical weather replay; overlapping forecast windows
6,2026-08-14,2026-08-15,2026-08-17,0.19371390503168273,false,false,Correct rejection,,,Coimbra,rain,3,40,Historical weather replay; overlapping forecast windows
7,2026-08-14,2026-08-15,2026-08-17,0.19371390503168273,false,false,Correct rejection,,,Coimbra,rain,3,40,Historical weather replay; overlapping forecast windows
8,2026-08-14,2026-08-15,2026-08-17,0.19371390503168273,false,false,Correct rejection,,,Coimbra,rain,3,40,Historical weather replay; overlapping forecast windows
4,2026-08-15,2026-08-16,2026-08-18,0.21598557441861915,false,false,Correct rejection,,,Coimbra,rain,3,40,Historical weather replay; overlapping forecast windows
5,2026-08-15,2026-08-16,2026-08-18,0.20768329303428695,false,false,Correct rejection,,,Coimbra,rain,3,40,Historical weather replay; overlapping forecast windows
6,2026-08-15,2026-08-16,2026-08-18,0.21598557441861915,false,false,Correct rejection,,,Coimbra,rain,3,40,Historical weather replay; overlapping forecast windows
7,2026-08-15,2026-08-16,2026-08-18,0.21598557441861915,false,false,Correct rejection,,,Coimbra,rain,3,40,Historical weather replay; overlapping forecast windows
8,2026-08-15,2026-08-16,2026-08-18,0.21598557441861915,false,false,Correct rejection,,,Coimbra,rain,3,40,Historical weather replay; overlapping forecast windows
4,2026-08-16,2026-08-17,2026-08-19,0.055148467038501264,false,false,Correct rejection,,,Coimbra,rain,3,40,Historical weather replay; overlapping forecast windows
5,2026-08-16,2026-08-17,2026-08-19,0.05594287849518846,false,false,Correct rejection,,,Coimbra,rain,3,40,Historical weather replay; overlapping forecast windows
6,2026-08-16,2026-08-17,2026-08-19,0.055148467038501264,false,false,Correct rejection,,,Coimbra,rain,3,40,Historical weather replay; overlapping forecast windows
7,2026-08-16,2026-08-17,2026-08-19,0.055148467038501264,false,false,Correct rejection,,,Coimbra,rain,3,40,Historical weather replay; overlapping forecast windows
8,2026-08-16,2026-08-17,2026-08-19,0.055148467038501264,false,false,Correct rejection,,,Coimbra,rain,3,40,Historical weather replay; overlapping forecast windows
4,2026-08-17,2026-08-18,2026-08-20,0.04218402726820639,false,false,Correct rejection,,,Coimbra,rain,3,40,Historical weather replay; overlapping forecast windows
5,2026-08-17,2026-08-18,2026-08-20,0.049062117908223846,false,false,Correct rejection,,,Coimbra,rain,3,40,Historical weather replay; overlapping forecast windows
6,2026-08-17,2026-08-18,2026-08-20,0.04218402726820639,false,false,Correct rejection,,,Coimbra,rain,3,40,Historical weather replay; overlapping forecast windows
7,2026-08-17,2026-08-18,2026-08-20,0.04218402726820639,false,false,Correct rejection,,,Coimbra,rain,3,40,Historical weather replay; overlapping forecast windows
8,2026-08-17,2026-08-18,2026-08-20,0.04218402726820639,false,false,Correct rejection,,,Coimbra,rain,3,40,Historical weather replay; overlapping forecast windows
4,2026-08-18,2026-08-19,2026-08-21,0.03751644420606855,false,false,Correct rejection,,,Coimbra,rain,3,40,Historical weather replay; overlapping forecast windows
5,2026-08-18,2026-08-19,2026-08-21,0.041581213259937626,false,false,Correct rejection,,,Coimbra,rain,3,40,Historical weather replay; overlapping forecast windows
6,2026-08-18,2026-08-19,2026-08-21,0.03751644420606855,false,false,Correct rejection,,,Coimbra,rain,3,40,Historical weather replay; overlapping forecast windows
7,2026-08-18,2026-08-19,2026-08-21,0.03751644420606855,false,false,Correct rejection,,,Coimbra,rain,3,40,Historical weather replay; overlapping forecast windows
8,2026-08-18,2026-08-19,2026-08-21,0.03751644420606855,false,false,Correct rejection,,,Coimbra,rain,3,40,Historical weather replay; overlapping forecast windows
4,2026-08-19,2026-08-20,2026-08-22,0.042437676142960894,false,false,Correct rejection,,,Coimbra,rain,3,40,Historical weather replay; overlapping forecast windows
5,2026-08-19,2026-08-20,2026-08-22,0.05059625723340972,false,false,Correct rejection,,,Coimbra,rain,3,40,Historical weather replay; overlapping forecast windows
6,2026-08-19,2026-08-20,2026-08-22,0.042437676142960894,false,false,Correct rejection,,,Coimbra,rain,3,40,Historical weather replay; overlapping forecast windows
7,2026-08-19,2026-08-20,2026-08-22,0.042437676142960894,false,false,Correct rejection,,,Coimbra,rain,3,40,Historical weather replay; overlapping forecast windows
8,2026-08-19,2026-08-20,2026-08-22,0.042437676142960894,false,false,Correct rejection,,,Coimbra,rain,3,40,Historical weather replay; overlapping forecast windows
4,2026-08-20,2026-08-21,2026-08-23,0.08887615295127586,false,false,Correct rejection,,,Coimbra,rain,3,40,Historical weather replay; overlapping forecast windows
5,2026-08-20,2026-08-21,2026-08-23,0.10856391088678492,false,false,Correct rejection,,,Coimbra,rain,3,40,Historical weather replay; overlapping forecast windows
6,2026-08-20,2026-08-21,2026-08-23,0.08887615295127586,false,false,Correct rejection,,,Coimbra,rain,3,40,Historical weather replay; overlapping forecast windows
7,2026-08-20,2026-08-21,2026-08-23,0.08887615295127586,false,false,Correct rejection,,,Coimbra,rain,3,40,Historical weather replay; overlapping forecast windows
8,2026-08-20,2026-08-21,2026-08-23,0.08887615295127586,false,false,Correct rejection,,,Coimbra,rain,3,40,Historical weather replay; overlapping forecast windows
4,2026-08-21,2026-08-22,2026-08-24,0.030315585280140597,false,true,Miss,2026-08-24,,Coimbra,rain,3,40,Historical weather replay; overlapping forecast windows
5,2026-08-21,2026-08-22,2026-08-24,0.037592343963578544,false,false,Correct rejection,,,Coimbra,rain,3,40,Historical weather replay; overlapping forecast windows
6,2026-08-21,2026-08-22,2026-08-24,0.030315585280140597,false,true,Miss,2026-08-24,,Coimbra,rain,3,40,Historical weather replay; overlapping forecast windows
7,2026-08-21,2026-08-22,2026-08-24,0.030315585280140597,false,true,Miss,2026-08-24,,Coimbra,rain,3,40,Historical weather replay; overlapping forecast windows
8,2026-08-21,2026-08-22,2026-08-24,0.030315585280140597,false,true,Miss,2026-08-24,,Coimbra,rain,3,40,Historical weather replay; overlapping forecast windows
4,2026-08-22,2026-08-23,2026-08-25,0.042241740440319954,false,true,Miss,2026-08-24,,Coimbra,rain,3,40,Historical weather replay; overlapping forecast windows
5,2026-08-22,2026-08-23,2026-08-25,0.042702654271204794,false,false,Correct rejection,,,Coimbra,rain,3,40,Historical weather replay; overlapping forecast windows
6,2026-08-22,2026-08-23,2026-08-25,0.042241740440319954,false,true,Miss,2026-08-24,,Coimbra,rain,3,40,Historical weather replay; overlapping forecast windows
7,2026-08-22,2026-08-23,2026-08-25,0.042241740440319954,false,true,Miss,2026-08-24,,Coimbra,rain,3,40,Historical weather replay; overlapping forecast windows
8,2026-08-22,2026-08-23,2026-08-25,0.042241740440319954,false,true,Miss,2026-08-24,,Coimbra,rain,3,40,Historical weather replay; overlapping forecast windows
4,2026-08-23,2026-08-24,2026-08-26,0.09110426331537408,false,true,Miss,2026-08-26,,Coimbra,rain,3,40,Historical weather replay; overlapping forecast windows
5,2026-08-23,2026-08-24,2026-08-26,0.08397109224323823,false,true,Miss,2026-08-26,,Coimbra,rain,3,40,Historical weather replay; overlapping forecast windows
6,2026-08-23,2026-08-24,2026-08-26,0.09110426331537408,false,true,Miss,2026-08-26,,Coimbra,rain,3,40,Historical weather replay; overlapping forecast windows
7,2026-08-23,2026-08-24,2026-08-26,0.09110426331537408,false,true,Miss,2026-08-26,,Coimbra,rain,3,40,Historical weather replay; overlapping forecast windows
8,2026-08-23,2026-08-24,2026-08-26,0.09110426331537408,false,true,Miss,2026-08-26,,Coimbra,rain,3,40,Historical weather replay; overlapping forecast windows
4,2026-09-03,2026-09-04,2026-09-06,0.024500714951016727,false,false,Correct rejection,,,Coimbra,rain,3,40,Historical weather replay; overlapping forecast windows
5,2026-09-03,2026-09-04,2026-09-06,0.023371800975449313,false,false,Correct rejection,,,Coimbra,rain,3,40,Historical weather replay; overlapping forecast windows
6,2026-09-03,2026-09-04,2026-09-06,0.024500714951016727,false,false,Correct rejection,,,Coimbra,rain,3,40,Historical weather replay; overlapping forecast windows
7,2026-09-03,2026-09-04,2026-09-06,0.024500714951016727,false,false,Correct rejection,,,Coimbra,rain,3,40,Historical weather replay; overlapping forecast windows
8,2026-09-03,2026-09-04,2026-09-06,0.024500714951016727,false,false,Correct rejection,,,Coimbra,rain,3,40,Historical weather replay; overlapping forecast windows
4,2026-09-04,2026-09-05,2026-09-07,0.08220757741971302,false,false,Correct rejection,,,Coimbra,rain,3,40,Historical weather replay; overlapping forecast windows
5,2026-09-04,2026-09-05,2026-09-07,0.0777392523133764,false,false,Correct rejection,,,Coimbra,rain,3,40,Historical weather replay; overlapping forecast windows
6,2026-09-04,2026-09-05,2026-09-07,0.08220757741971302,false,false,Correct rejection,,,Coimbra,rain,3,40,Historical weather replay; overlapping forecast windows
7,2026-09-04,2026-09-05,2026-09-07,0.08220757741971302,false,false,Correct rejection,,,Coimbra,rain,3,40,Historical weather replay; overlapping forecast windows
8,2026-09-04,2026-09-05,2026-09-07,0.08220757741971302,false,false,Correct rejection,,,Coimbra,rain,3,40,Historical weather replay; overlapping forecast windows
4,2026-09-05,2026-09-06,2026-09-08,0.05048456173465024,false,false,Correct rejection,,,Coimbra,rain,3,40,Historical weather replay; overlapping forecast windows
5,2026-09-05,2026-09-06,2026-09-08,0.048109177091546974,false,false,Correct rejection,,,Coimbra,rain,3,40,Historical weather replay; overlapping forecast windows
6,2026-09-05,2026-09-06,2026-09-08,0.05048456173465024,false,false,Correct rejection,,,Coimbra,rain,3,40,Historical weather replay; overlapping forecast windows
7,2026-09-05,2026-09-06,2026-09-08,0.05048456173465024,false,false,Correct rejection,,,Coimbra,rain,3,40,Historical weather replay; overlapping forecast windows
8,2026-09-05,2026-09-06,2026-09-08,0.05048456173465024,false,false,Correct rejection,,,Coimbra,rain,3,40,Historical weather replay; overlapping forecast windows
4,2026-09-06,2026-09-07,2026-09-09,0.03785802692436284,false,false,Correct rejection,,,Coimbra,rain,3,40,Historical weather replay; overlapping forecast windows
5,2026-09-06,2026-09-07,2026-09-09,0.039432869946680285,false,false,Correct rejection,,,Coimbra,rain,3,40,Historical weather replay; overlapping forecast windows
6,2026-09-06,2026-09-07,2026-09-09,0.03785802692436284,false,false,Correct rejection,,,Coimbra,rain,3,40,Historical weather replay; overlapping forecast windows
7,2026-09-06,2026-09-07,2026-09-09,0.03785802692436284,false,false,Correct rejection,,,Coimbra,rain,3,40,Historical weather replay; overlapping forecast windows
8,2026-09-06,2026-09-07,2026-09-09,0.03785802692436284,false,false,Correct rejection,,,Coimbra,rain,3,40,Historical weather replay; overlapping forecast windows
4,2026-09-07,2026-09-08,2026-09-10,0.036784363129183734,false,false,Correct rejection,,,Coimbra,rain,3,40,Historical weather replay; overlapping forecast windows
5,2026-09-07,2026-09-08,2026-09-10,0.03649070648679436,false,false,Correct rejection,,,Coimbra,rain,3,40,Historical weather replay; overlapping forecast windows
6,2026-09-07,2026-09-08,2026-09-10,0.036784363129183734,false,false,Correct rejection,,,Coimbra,rain,3,40,Historical weather replay; overlapping forecast windows
7,2026-09-07,2026-09-08,2026-09-10,0.036784363129183734,false,false,Correct rejection,,,Coimbra,rain,3,40,Historical weather replay; overlapping forecast windows
8,2026-09-07,2026-09-08,2026-09-10,0.036784363129183734,false,false,Correct rejection,,,Coimbra,rain,3,40,Historical weather replay; overlapping forecast windows
4,2026-09-08,2026-09-09,2026-09-11,0.1832757665501664,false,false,Correct rejection,,,Coimbra,rain,3,40,Historical weather replay; overlapping forecast windows
5,2026-09-08,2026-09-09,2026-09-11,0.1821799556512094,false,false,Correct rejection,,,Coimbra,rain,3,40,Historical weather replay; overlapping forecast windows
6,2026-09-08,2026-09-09,2026-09-11,0.1832757665501664,false,false,Correct rejection,,,Coimbra,rain,3,40,Historical weather replay; overlapping forecast windows
7,2026-09-08,2026-09-09,2026-09-11,0.1832757665501664,false,false,Correct rejection,,,Coimbra,rain,3,40,Historical weather replay; overlapping forecast windows
8,2026-09-08,2026-09-09,2026-09-11,0.1832757665501664,false,false,Correct rejection,,,Coimbra,rain,3,40,Historical weather replay; overlapping forecast windows
4,2026-09-09,2026-09-10,2026-09-12,0.08768229121423295,false,false,Correct rejection,,,Coimbra,rain,3,40,Historical weather replay; overlapping forecast windows
5,2026-09-09,2026-09-10,2026-09-12,0.09225187227532154,false,false,Correct rejection,,,Coimbra,rain,3,40,Historical weather replay; overlapping forecast windows
6,2026-09-09,2026-09-10,2026-09-12,0.08768229121423295,false,false,Correct rejection,,,Coimbra,rain,3,40,Historical weather replay; overlapping forecast windows
7,2026-09-09,2026-09-10,2026-09-12,0.08768229121423295,false,false,Correct rejection,,,Coimbra,rain,3,40,Historical weather replay; overlapping forecast windows
8,2026-09-09,2026-09-10,2026-09-12,0.08768229121423295,false,false,Correct rejection,,,Coimbra,rain,3,40,Historical weather replay; overlapping forecast windows
4,2026-09-10,2026-09-11,2026-09-13,0.04023706065782702,false,false,Correct rejection,,,Coimbra,rain,3,40,Historical weather replay; overlapping forecast windows
5,2026-09-10,2026-09-11,2026-09-13,0.04428389906836377,false,false,Correct rejection,,,Coimbra,rain,3,40,Historical weather replay; overlapping forecast windows
6,2026-09-10,2026-09-11,2026-09-13,0.04023706065782702,false,false,Correct rejection,,,Coimbra,rain,3,40,Historical weather replay; overlapping forecast windows
7,2026-09-10,2026-09-11,2026-09-13,0.04023706065782702,false,false,Correct rejection,,,Coimbra,rain,3,40,Historical weather replay; overlapping forecast windows
8,2026-09-10,2026-09-11,2026-09-13,0.04023706065782702,false,false,Correct rejection,,,Coimbra,rain,3,40,Historical weather replay; overlapping forecast windows
4,2026-09-11,2026-09-12,2026-09-14,0.029995187511378203,false,false,Correct rejection,,,Coimbra,rain,3,40,Historical weather replay; overlapping forecast windows
5,2026-09-11,2026-09-12,2026-09-14,0.030712343795789736,false,false,Correct rejection,,,Coimbra,rain,3,40,Historical weather replay; overlapping forecast windows
6,2026-09-11,2026-09-12,2026-09-14,0.029995187511378203,false,false,Correct rejection,,,Coimbra,rain,3,40,Historical weather replay; overlapping forecast windows
7,2026-09-11,2026-09-12,2026-09-14,0.029995187511378203,false,false,Correct rejection,,,Coimbra,rain,3,40,Historical weather replay; overlapping forecast windows
8,2026-09-11,2026-09-12,2026-09-14,0.029995187511378203,false,false,Correct rejection,,,Coimbra,rain,3,40,Historical weather replay; overlapping forecast windows
4,2026-09-12,2026-09-13,2026-09-15,0.027887067043291046,false,false,Correct rejection,,,Coimbra,rain,3,40,Historical weather replay; overlapping forecast windows
5,2026-09-12,2026-09-13,2026-09-15,0.030056148479021057,false,false,Correct rejection,,,Coimbra,rain,3,40,Historical weather replay; overlapping forecast windows
6,2026-09-12,2026-09-13,2026-09-15,0.027887067043291046,false,false,Correct rejection,,,Coimbra,rain,3,40,Historical weather replay; overlapping forecast windows
7,2026-09-12,2026-09-13,2026-09-15,0.027887067043291046,false,false,Correct rejection,,,Coimbra,rain,3,40,Historical weather replay; overlapping forecast windows
8,2026-09-12,2026-09-13,2026-09-15,0.027887067043291046,false,false,Correct rejection,,,Coimbra,rain,3,40,Historical weather replay; overlapping forecast windows
4,2026-09-13,2026-09-14,2026-09-16,0.026694509705200386,false,false,Correct rejection,,,Coimbra,rain,3,40,Historical weather replay; overlapping forecast windows
5,2026-09-13,2026-09-14,2026-09-16,0.02809965197506343,false,false,Correct rejection,,,Coimbra,rain,3,40,Historical weather replay; overlapping forecast windows
6,2026-09-13,2026-09-14,2026-09-16,0.026694509705200386,false,false,Correct rejection,,,Coimbra,rain,3,40,Historical weather replay; overlapping forecast windows
7,2026-09-13,2026-09-14,2026-09-16,0.026694509705200386,false,false,Correct rejection,,,Coimbra,rain,3,40,Historical weather replay; overlapping forecast windows
8,2026-09-13,2026-09-14,2026-09-16,0.026694509705200386,false,false,Correct rejection,,,Coimbra,rain,3,40,Historical weather replay; overlapping forecast windows
4,2026-09-14,2026-09-15,2026-09-17,0.029313707507779677,false,false,Correct rejection,,,Coimbra,rain,3,40,Historical weather replay; overlapping forecast windows
5,2026-09-14,2026-09-15,2026-09-17,0.03149856695356933,false,false,Correct rejection,,,Coimbra,rain,3,40,Historical weather replay; overlapping forecast windows
6,2026-09-14,2026-09-15,2026-09-17,0.029313707507779677,false,false,Correct rejection,,,Coimbra,rain,3,40,Historical weather replay; overlapping forecast windows
7,2026-09-14,2026-09-15,2026-09-17,0.029313707507779677,false,false,Correct rejection,,,Coimbra,rain,3,40,Historical weather replay; overlapping forecast windows
8,2026-09-14,2026-09-15,2026-09-17,0.029313707507779677,false,false,Correct rejection,,,Coimbra,rain,3,40,Historical weather replay; overlapping forecast windows
4,2026-09-15,2026-09-16,2026-09-18,0.06237042719692023,false,false,Correct rejection,,,Coimbra,rain,3,40,Historical weather replay; overlapping forecast windows
5,2026-09-15,2026-09-16,2026-09-18,0.0699592787701711,false,false,Correct rejection,,,Coimbra,rain,3,40,Historical weather replay; overlapping forecast windows
6,2026-09-15,2026-09-16,2026-09-18,0.06237042719692023,false,false,Correct rejection,,,Coimbra,rain,3,40,Historical weather replay; overlapping forecast windows
7,2026-09-15,2026-09-16,2026-09-18,0.06237042719692023,false,false,Correct rejection,,,Coimbra,rain,3,40,Historical weather replay; overlapping forecast windows
8,2026-09-15,2026-09-16,2026-09-18,0.06237042719692023,false,false,Correct rejection,,,Coimbra,rain,3,40,Historical weather replay; overlapping forecast windows
4,2026-09-16,2026-09-17,2026-09-19,0.04473401088567272,false,false,Correct rejection,,,Coimbra,rain,3,40,Historical weather replay; overlapping forecast windows
5,2026-09-16,2026-09-17,2026-09-19,0.06409095273626857,false,false,Correct rejection,,,Coimbra,rain,3,40,Historical weather replay; overlapping forecast windows
6,2026-09-16,2026-09-17,2026-09-19,0.04473401088567272,false,false,Correct rejection,,,Coimbra,rain,3,40,Historical weather replay; overlapping forecast windows
7,2026-09-16,2026-09-17,2026-09-19,0.04473401088567272,false,false,Correct rejection,,,Coimbra,rain,3,40,Historical weather replay; overlapping forecast windows
8,2026-09-16,2026-09-17,2026-09-19,0.04473401088567272,false,false,Correct rejection,,,Coimbra,rain,3,40,Historical weather replay; overlapping forecast windows
4,2026-09-17,2026-09-18,2026-09-20,0.0469542410755811,false,false,Correct rejection,,,Coimbra,rain,3,40,Historical weather replay; overlapping forecast windows
5,2026-09-17,2026-09-18,2026-09-20,0.050467749928106924,false,false,Correct rejection,,,Coimbra,rain,3,40,Historical weather replay; overlapping forecast windows
6,2026-09-17,2026-09-18,2026-09-20,0.0469542410755811,false,false,Correct rejection,,,Coimbra,rain,3,40,Historical weather replay; overlapping forecast windows
7,2026-09-17,2026-09-18,2026-09-20,0.0469542410755811,false,false,Correct rejection,,,Coimbra,rain,3,40,Historical weather replay; overlapping forecast windows
8,2026-09-17,2026-09-18,2026-09-20,0.0469542410755811,false,false,Correct rejection,,,Coimbra,rain,3,40,Historical weather replay; overlapping forecast windows
4,2026-09-18,2026-09-19,2026-09-21,0.0744728414945376,false,false,Correct rejection,,,Coimbra,rain,3,40,Historical weather replay; overlapping forecast windows
5,2026-09-18,2026-09-19,2026-09-21,0.07661997754734909,false,false,Correct rejection,,,Coimbra,rain,3,40,Historical weather replay; overlapping forecast windows
6,2026-09-18,2026-09-19,2026-09-21,0.0744728414945376,false,false,Correct rejection,,,Coimbra,rain,3,40,Historical weather replay; overlapping forecast windows
7,2026-09-18,2026-09-19,2026-09-21,0.0744728414945376,false,false,Correct rejection,,,Coimbra,rain,3,40,Historical weather replay; overlapping forecast windows
8,2026-09-18,2026-09-19,2026-09-21,0.0744728414945376,false,false,Correct rejection,,,Coimbra,rain,3,40,Historical weather replay; overlapping forecast windows