id,group,cityName,city,start,end,days,peakDate,peakIndex,driver,peakValues,incompleteDays,siteCodes,leftCensored,rightCensored
20-2026-06-09,20,Toulouse,TO,2026-06-09,2026-06-27,19,2026-06-11,100,dry,"{""rain"":0.36,""heat"":23.76,""dry"":7}",0,T25,false,false
8-2025-08-12,8,Ghent,GH,2025-08-12,2025-08-27,16,2025-08-16,100,dry,"{""rain"":0.69,""heat"":20.95,""dry"":12}",0,G13;G14;G15;G16;G17;G18;G1;G19;G20,false,false
9-2025-08-12,9,Ghent,GH,2025-08-12,2025-08-27,16,2025-08-15,100,dry,"{""rain"":0.29,""heat"":28.41,""dry"":11}",0,G6;G8;G10;G22;G11;G12;G4;G21;G5;G3,false,false
10-2025-08-12,10,Ghent,GH,2025-08-12,2025-08-27,16,2025-08-15,100,dry,"{""rain"":0.29,""heat"":28.41,""dry"":11}",0,G2;G9;G7,false,false
17-2026-06-13,17,Toulouse,TO,2026-06-13,2026-06-27,15,2026-06-15,100,dry,"{""rain"":0,""heat"":33.84,""dry"":7}",0,T1;T3;T2;T5;T6;T7;T8;T15;T13;T14;T4,false,false
18-2026-06-13,18,Toulouse,TO,2026-06-13,2026-06-27,15,2026-06-16,100,dry,"{""rain"":0.01,""heat"":29.04,""dry"":8}",0,T10;T11,false,false
19-2026-06-13,19,Toulouse,TO,2026-06-13,2026-06-27,15,2026-06-15,100,dry,"{""rain"":0,""heat"":33.21,""dry"":7}",0,T21;T24;T9;T12;T17;T18;T19;T20;T16;T22,false,false
10-2026-07-11,10,Ghent,GH,2026-07-11,2026-07-25,15,2026-07-12,100,heat,"{""rain"":0,""heat"":30.94,""dry"":10}",0,G2;G9;G7,false,false
18-2025-06-19,18,Toulouse,TO,2025-06-19,2025-07-01,13,2025-06-21,100,heat,"{""rain"":0,""heat"":36.04,""dry"":6}",0,T10;T11,false,false
3-2026-02-02,3,Coimbra,CO,2026-02-02,2026-02-13,12,2026-02-03,100,rain,"{""rain"":69.71,""heat"":11.64,""dry"":0}",0,C1;C2;C3;C4;C5;C6;C8;C9;C10;C11;C12;C16;C18;C20,false,false
4-2026-02-02,4,Coimbra,CO,2026-02-02,2026-02-13,12,2026-02-03,100,rain,"{""rain"":71.26,""heat"":11.3,""dry"":0}",0,C13,false,false
5-2026-02-02,5,Coimbra,CO,2026-02-02,2026-02-13,12,2026-02-03,100,rain,"{""rain"":71.26,""heat"":11.3,""dry"":0}",0,C14;C15,false,false
17-2026-05-21,17,Toulouse,TO,2026-05-21,2026-06-01,12,2026-05-22,100,heat,"{""rain"":0.53,""heat"":31.36,""dry"":5}",0,T1;T3;T2;T5;T6;T7;T8;T15;T13;T14;T4,false,false
18-2026-05-21,18,Toulouse,TO,2026-05-21,2026-06-01,12,2026-05-22,100,heat,"{""rain"":0.32,""heat"":31.27,""dry"":5}",0,T10;T11,false,false
19-2026-05-21,19,Toulouse,TO,2026-05-21,2026-06-01,12,2026-05-22,100,heat,"{""rain"":0.32,""heat"":31.27,""dry"":5}",0,T21;T24;T9;T12;T17;T18;T19;T20;T16;T22,false,false
20-2026-05-21,20,Toulouse,TO,2026-05-21,2026-06-01,12,2026-05-22,100,heat,"{""rain"":1.13,""heat"":31.63,""dry"":2}",0,T25,false,false
8-2026-07-11,8,Ghent,GH,2026-07-11,2026-07-22,12,2026-07-12,100,heat,"{""rain"":0,""heat"":30.59,""dry"":10}",0,G13;G14;G15;G16;G17;G18;G1;G19;G20,false,false
9-2026-07-11,9,Ghent,GH,2026-07-11,2026-07-22,12,2026-07-18,100,dry,"{""rain"":0.33,""heat"":20.55,""dry"":16}",0,G6;G8;G10;G22;G11;G12;G4;G21;G5;G3,false,false
8-2025-04-02,8,Ghent,GH,2025-04-02,2025-04-12,11,2025-04-04,100,dry,"{""rain"":0,""heat"":21.91,""dry"":7}",0,G13;G14;G15;G16;G17;G18;G1;G19;G20,false,false
9-2025-04-02,9,Ghent,GH,2025-04-02,2025-04-12,11,2025-04-04,100,dry,"{""rain"":0,""heat"":22.08,""dry"":7}",0,G6;G8;G10;G22;G11;G12;G4;G21;G5;G3,false,false
10-2025-04-02,10,Ghent,GH,2025-04-02,2025-04-12,11,2025-04-04,100,dry,"{""rain"":0,""heat"":22.08,""dry"":7}",0,G2;G9;G7,false,false
2-2025-06-05,2,Benevento,BE,2025-06-05,2025-06-15,11,2025-06-09,100,dry,"{""rain"":0.14,""heat"":31.11,""dry"":11}",0,BN20,false,false
11-2025-07-16,11,Oslo,OS,2025-07-16,2025-07-26,11,2025-07-17,100,heat,"{""rain"":2.3,""heat"":29.45,""dry"":1}",0,O1;O2;O3;O9;O10;O13;O14;O20,false,false
12-2025-07-16,12,Oslo,OS,2025-07-16,2025-07-26,11,2025-07-17,100,heat,"{""rain"":3.13,""heat"":30.41,""dry"":1}",0,O17;O5;O4;O11;O12;O15;O16,false,false
13-2025-07-16,13,Oslo,OS,2025-07-16,2025-07-26,11,2025-07-17,100,heat,"{""rain"":2.81,""heat"":30.14,""dry"":2}",0,O18,false,false
14-2025-07-16,14,Oslo,OS,2025-07-16,2025-07-26,11,2025-07-17,100,heat,"{""rain"":1.95,""heat"":29.78,""dry"":2}",0,O19,false,false
15-2025-07-16,15,Oslo,OS,2025-07-16,2025-07-26,11,2025-07-17,100,heat,"{""rain"":2.81,""heat"":30.14,""dry"":2}",0,O6,false,false
16-2025-07-16,16,Oslo,OS,2025-07-16,2025-07-26,11,2025-07-17,100,heat,"{""rain"":3.13,""heat"":30.41,""dry"":1}",0,O7;O8,false,false
8-2026-04-07,8,Ghent,GH,2026-04-07,2026-04-17,11,2026-04-09,100,dry,"{""rain"":0.91,""heat"":22.25,""dry"":7}",0,G13;G14;G15;G16;G17;G18;G1;G19;G20,false,false
9-2026-04-07,9,Ghent,GH,2026-04-07,2026-04-17,11,2026-04-09,100,dry,"{""rain"":0.91,""heat"":22.25,""dry"":7}",0,G6;G8;G10;G22;G11;G12;G4;G21;G5;G3,false,false
8-2026-04-23,8,Ghent,GH,2026-04-23,2026-05-02,10,2026-05-01,99.18032786885246,heat,"{""rain"":0,""heat"":25.21,""dry"":13}",0,G13;G14;G15;G16;G17;G18;G1;G19;G20,false,false
9-2026-04-23,9,Ghent,GH,2026-04-23,2026-05-02,10,2026-05-01,99.18032786885246,heat,"{""rain"":0,""heat"":25.21,""dry"":13}",0,G6;G8;G10;G22;G11;G12;G4;G21;G5;G3,false,false
10-2026-04-23,10,Ghent,GH,2026-04-23,2026-05-02,10,2026-05-01,99.18032786885246,heat,"{""rain"":0,""heat"":24.49,""dry"":13}",0,G2;G9;G7,false,false
18-2025-12-12,18,Toulouse,TO,2025-12-12,2025-12-20,9,2025-12-15,100,dry,"{""rain"":0.12,""heat"":16.61,""dry"":9}",0,T10;T11,false,false
8-2025-12-25,8,Ghent,GH,2025-12-25,2026-01-02,9,2025-12-28,100,dry,"{""rain"":0.14,""heat"":5.63,""dry"":9}",0,G13;G14;G15;G16;G17;G18;G1;G19;G20,false,false
18-2026-02-10,18,Toulouse,TO,2026-02-10,2026-02-18,9,2026-02-10,100,rain,"{""rain"":39.19,""heat"":14.13,""dry"":0}",0,T10;T11,false,false
14-2026-05-01,14,Oslo,OS,2026-05-01,2026-05-09,9,2026-05-07,100,dry,"{""rain"":0.06,""heat"":13.43,""dry"":18}",0,O19,false,false
13-2025-03-02,13,Oslo,OS,2025-03-02,2025-03-09,8,2025-03-06,100,heat,"{""rain"":1.19,""heat"":13.7,""dry"":9}",0,O18,false,false
15-2025-03-02,15,Oslo,OS,2025-03-02,2025-03-09,8,2025-03-06,100,heat,"{""rain"":1.19,""heat"":13.7,""dry"":9}",0,O6,false,false
13-2026-01-29,13,Oslo,OS,2026-01-29,2026-02-05,8,2026-02-02,100,dry,"{""rain"":1.29,""heat"":-6.94,""dry"":15}",0,O18,false,false
15-2026-01-29,15,Oslo,OS,2026-01-29,2026-02-05,8,2026-02-02,100,dry,"{""rain"":1.29,""heat"":-6.94,""dry"":15}",0,O6,false,false
3-2026-03-30,3,Coimbra,CO,2026-03-30,2026-04-06,8,2026-04-02,100,dry,"{""rain"":0,""heat"":23.17,""dry"":12}",0,C1;C2;C3;C4;C5;C6;C8;C9;C10;C11;C12;C16;C18;C20,false,false
5-2026-03-30,5,Coimbra,CO,2026-03-30,2026-04-06,8,2026-04-01,100,dry,"{""rain"":0,""heat"":23.51,""dry"":11}",0,C14;C15,false,false
6-2026-03-30,6,Coimbra,CO,2026-03-30,2026-04-06,8,2026-04-01,100,dry,"{""rain"":0,""heat"":23.51,""dry"":11}",0,C17,false,false
2-2026-05-26,2,Benevento,BE,2026-05-26,2026-06-02,8,2026-05-30,100,dry,"{""rain"":0.57,""heat"":28.37,""dry"":11}",0,BN20,false,false
7-2026-06-06,7,Coimbra,CO,2026-06-06,2026-06-13,8,2026-06-11,100,heat,"{""rain"":0.04,""heat"":33.95,""dry"":19}",0,C7;C19,false,false
17-2026-07-05,17,Toulouse,TO,2026-07-05,2026-07-12,8,2026-07-06,100,heat,"{""rain"":0,""heat"":38.87,""dry"":7}",0,T1;T3;T2;T5;T6;T7;T8;T15;T13;T14;T4,false,false
18-2026-07-05,18,Toulouse,TO,2026-07-05,2026-07-12,8,2026-07-06,100,heat,"{""rain"":0,""heat"":38.35,""dry"":7}",0,T10;T11,false,false
19-2026-07-05,19,Toulouse,TO,2026-07-05,2026-07-12,8,2026-07-06,100,heat,"{""rain"":0,""heat"":38.35,""dry"":7}",0,T21;T24;T9;T12;T17;T18;T19;T20;T16;T22,false,false
20-2026-07-05,20,Toulouse,TO,2026-07-05,2026-07-12,8,2026-07-06,100,heat,"{""rain"":0,""heat"":38.25,""dry"":7}",0,T25,false,false
11-2025-03-23,11,Oslo,OS,2025-03-23,2025-03-29,7,2025-03-29,100,dry,"{""rain"":0.51,""heat"":10.42,""dry"":17}",0,O1;O2;O3;O9;O10;O13;O14;O20,false,false
12-2025-03-23,12,Oslo,OS,2025-03-23,2025-03-29,7,2025-03-29,100,dry,"{""rain"":0.52,""heat"":11.4,""dry"":17}",0,O17;O5;O4;O11;O12;O15;O16,false,false
13-2025-03-23,13,Oslo,OS,2025-03-23,2025-03-29,7,2025-03-29,100,dry,"{""rain"":0.44,""heat"":11.02,""dry"":17}",0,O18,false,false
14-2025-03-23,14,Oslo,OS,2025-03-23,2025-03-29,7,2025-03-29,100,dry,"{""rain"":0.45,""heat"":10.65,""dry"":17}",0,O19,false,false
15-2025-03-23,15,Oslo,OS,2025-03-23,2025-03-29,7,2025-03-29,100,dry,"{""rain"":0.44,""heat"":11.02,""dry"":17}",0,O6,false,false
16-2025-03-23,16,Oslo,OS,2025-03-23,2025-03-29,7,2025-03-29,100,dry,"{""rain"":0.52,""heat"":11.4,""dry"":17}",0,O7;O8,false,false
3-2025-06-03,3,Coimbra,CO,2025-06-03,2025-06-09,7,2025-06-08,100,dry,"{""rain"":0.02,""heat"":27.56,""dry"":20}",0,C1;C2;C3;C4;C5;C6;C8;C9;C10;C11;C12;C16;C18;C20,false,false
4-2025-06-03,4,Coimbra,CO,2025-06-03,2025-06-09,7,2025-06-08,100,dry,"{""rain"":0,""heat"":27.87,""dry"":20}",0,C13,false,false
5-2025-06-03,5,Coimbra,CO,2025-06-03,2025-06-09,7,2025-06-08,100,dry,"{""rain"":0,""heat"":27.87,""dry"":20}",0,C14;C15,false,false
17-2025-06-19,17,Toulouse,TO,2025-06-19,2025-06-25,7,2025-06-21,100,heat,"{""rain"":0,""heat"":36.09,""dry"":6}",0,T1;T3;T2;T5;T6;T7;T8;T15;T13;T14;T4,false,false
19-2025-06-19,19,Toulouse,TO,2025-06-19,2025-06-25,7,2025-06-21,100,heat,"{""rain"":0,""heat"":36.09,""dry"":6}",0,T21;T24;T9;T12;T17;T18;T19;T20;T16;T22,false,false
20-2025-06-19,20,Toulouse,TO,2025-06-19,2025-06-25,7,2025-06-21,100,heat,"{""rain"":0,""heat"":36.09,""dry"":6}",0,T25,false,false
9-2025-12-27,9,Ghent,GH,2025-12-27,2026-01-02,7,2025-12-30,100,dry,"{""rain"":0.22,""heat"":5.77,""dry"":11}",0,G6;G8;G10;G22;G11;G12;G4;G21;G5;G3,false,false
10-2025-12-27,10,Ghent,GH,2025-12-27,2026-01-02,7,2025-12-30,100,dry,"{""rain"":0.22,""heat"":5.77,""dry"":11}",0,G2;G9;G7,false,false
6-2026-02-02,6,Coimbra,CO,2026-02-02,2026-02-08,7,2026-02-03,100,rain,"{""rain"":78.24,""heat"":10.05,""dry"":0}",0,C17,false,false
4-2026-03-30,4,Coimbra,CO,2026-03-30,2026-04-05,7,2026-04-01,100,dry,"{""rain"":0,""heat"":23.03,""dry"":11}",0,C13,false,false
7-2026-03-30,7,Coimbra,CO,2026-03-30,2026-04-05,7,2026-04-01,100,dry,"{""rain"":0,""heat"":23.51,""dry"":11}",0,C7;C19,false,false
6-2026-06-07,6,Coimbra,CO,2026-06-07,2026-06-13,7,2026-06-11,100,heat,"{""rain"":0.04,""heat"":33.95,""dry"":19}",0,C17,false,false
8-2026-06-21,8,Ghent,GH,2026-06-21,2026-06-27,7,2026-06-21,100,rain,"{""rain"":33.75,""heat"":28.31,""dry"":0}",0,G13;G14;G15;G16;G17;G18;G1;G19;G20,false,false
9-2026-06-21,9,Ghent,GH,2026-06-21,2026-06-27,7,2026-06-21,100,rain,"{""rain"":33.75,""heat"":28.31,""dry"":0}",0,G6;G8;G10;G22;G11;G12;G4;G21;G5;G3,false,false
11-2025-04-07,11,Oslo,OS,2025-04-07,2025-04-12,6,2025-04-12,100,dry,"{""rain"":0.11,""heat"":16.46,""dry"":13}",0,O1;O2;O3;O9;O10;O13;O14;O20,false,false
13-2025-04-07,13,Oslo,OS,2025-04-07,2025-04-12,6,2025-04-12,100,dry,"{""rain"":0.14,""heat"":17.37,""dry"":13}",0,O18,false,false
15-2025-04-07,15,Oslo,OS,2025-04-07,2025-04-12,6,2025-04-12,100,dry,"{""rain"":0.14,""heat"":17.37,""dry"":13}",0,O6,false,false
9-2025-07-14,9,Ghent,GH,2025-07-14,2025-07-19,6,2025-07-18,100,dry,"{""rain"":0.76,""heat"":29.09,""dry"":10}",0,G6;G8;G10;G22;G11;G12;G4;G21;G5;G3,false,false
10-2025-07-14,10,Ghent,GH,2025-07-14,2025-07-19,6,2025-07-18,100,dry,"{""rain"":0.76,""heat"":29.09,""dry"":10}",0,G2;G9;G7,false,false
17-2025-08-08,17,Toulouse,TO,2025-08-08,2025-08-13,6,2025-08-11,100,heat,"{""rain"":0,""heat"":41.96,""dry"":16}",0,T1;T3;T2;T5;T6;T7;T8;T15;T13;T14;T4,false,false
19-2025-08-08,19,Toulouse,TO,2025-08-08,2025-08-13,6,2025-08-11,100,heat,"{""rain"":0,""heat"":41.96,""dry"":16}",0,T21;T24;T9;T12;T17;T18;T19;T20;T16;T22,false,false
20-2025-08-08,20,Toulouse,TO,2025-08-08,2025-08-13,6,2025-08-11,100,heat,"{""rain"":0,""heat"":41.96,""dry"":16}",0,T25,false,false
8-2025-12-13,8,Ghent,GH,2025-12-13,2025-12-18,6,2025-12-17,100,dry,"{""rain"":0.75,""heat"":10.02,""dry"":9}",0,G13;G14;G15;G16;G17;G18;G1;G19;G20,false,false
13-2025-12-26,13,Oslo,OS,2025-12-26,2025-12-31,6,2025-12-31,100,dry,"{""rain"":0.39,""heat"":0.29,""dry"":12}",0,O18,false,false
15-2025-12-26,15,Oslo,OS,2025-12-26,2025-12-31,6,2025-12-31,100,dry,"{""rain"":0.39,""heat"":0.29,""dry"":12}",0,O6,false,false
7-2026-02-03,7,Coimbra,CO,2026-02-03,2026-02-08,6,2026-02-03,100,rain,"{""rain"":80.67,""heat"":10.48,""dry"":0}",0,C7;C19,false,false
20-2026-03-22,20,Toulouse,TO,2026-03-22,2026-03-27,6,2026-03-25,100,dry,"{""rain"":0.59,""heat"":13.3,""dry"":11}",0,T25,false,false
3-2026-06-08,3,Coimbra,CO,2026-06-08,2026-06-13,6,2026-06-11,100,heat,"{""rain"":0.04,""heat"":33.95,""dry"":19}",0,C1;C2;C3;C4;C5;C6;C8;C9;C10;C11;C12;C16;C18;C20,false,false
5-2026-06-08,5,Coimbra,CO,2026-06-08,2026-06-13,6,2026-06-11,100,heat,"{""rain"":0.04,""heat"":33.95,""dry"":19}",0,C14;C15,false,false
2-2026-06-10,2,Benevento,BE,2026-06-10,2026-06-15,6,2026-06-14,100,dry,"{""rain"":0,""heat"":28.37,""dry"":11}",0,BN20,false,false
17-2026-07-19,17,Toulouse,TO,2026-07-19,2026-07-24,6,2026-07-20,100,heat,"{""rain"":2.25,""heat"":38.15,""dry"":1}",0,T1;T3;T2;T5;T6;T7;T8;T15;T13;T14;T4,false,false
15-2026-07-29,15,Oslo,OS,2026-07-29,2026-08-03,6,2026-08-02,100,dry,"{""rain"":0.3,""heat"":21.73,""dry"":8}",0,O6,false,true
16-2026-07-29,16,Oslo,OS,2026-07-29,2026-08-03,6,2026-08-02,100,dry,"{""rain"":0.3,""heat"":21.73,""dry"":8}",0,O7;O8,false,true
11-2025-12-14,11,Oslo,OS,2025-12-14,2025-12-19,6,2025-12-18,99.18032786885246,heat,"{""rain"":14.7,""heat"":7.44,""dry"":0}",0,O1;O2;O3;O9;O10;O13;O14;O20,false,false
14-2025-12-14,14,Oslo,OS,2025-12-14,2025-12-19,6,2025-12-18,99.18032786885246,heat,"{""rain"":13.69,""heat"":7.64,""dry"":0}",0,O19,false,false
11-2025-03-02,11,Oslo,OS,2025-03-02,2025-03-06,5,2025-03-06,100,heat,"{""rain"":1.89,""heat"":12.14,""dry"":9}",0,O1;O2;O3;O9;O10;O13;O14;O20,false,false
12-2025-03-02,12,Oslo,OS,2025-03-02,2025-03-06,5,2025-03-06,100,heat,"{""rain"":1.69,""heat"":13.68,""dry"":9}",0,O17;O5;O4;O11;O12;O15;O16,false,false
14-2025-03-02,14,Oslo,OS,2025-03-02,2025-03-06,5,2025-03-06,100,heat,"{""rain"":1.34,""heat"":12.6,""dry"":9}",0,O19,false,false
16-2025-03-02,16,Oslo,OS,2025-03-02,2025-03-06,5,2025-03-06,100,heat,"{""rain"":1.69,""heat"":13.68,""dry"":9}",0,O7;O8,false,false
12-2025-04-08,12,Oslo,OS,2025-04-08,2025-04-12,5,2025-04-12,100,dry,"{""rain"":0.1,""heat"":17.75,""dry"":13}",0,O17;O5;O4;O11;O12;O15;O16,false,false
14-2025-04-08,14,Oslo,OS,2025-04-08,2025-04-12,5,2025-04-12,100,dry,"{""rain"":0.12,""heat"":16.79,""dry"":13}",0,O19,false,false
16-2025-04-08,16,Oslo,OS,2025-04-08,2025-04-12,5,2025-04-12,100,dry,"{""rain"":0.1,""heat"":17.75,""dry"":13}",0,O7;O8,false,false
17-2025-04-08,17,Toulouse,TO,2025-04-08,2025-04-12,5,2025-04-12,100,dry,"{""rain"":1.1,""heat"":21.67,""dry"":10}",0,T1;T3;T2;T5;T6;T7;T8;T15;T13;T14;T4,false,false
19-2025-04-08,19,Toulouse,TO,2025-04-08,2025-04-12,5,2025-04-12,100,dry,"{""rain"":1.1,""heat"":21.67,""dry"":10}",0,T21;T24;T9;T12;T17;T18;T19;T20;T16;T22,false,false
20-2025-04-08,20,Toulouse,TO,2025-04-08,2025-04-12,5,2025-04-12,100,dry,"{""rain"":1.1,""heat"":21.67,""dry"":10}",0,T25,false,false
17-2025-05-27,17,Toulouse,TO,2025-05-27,2025-05-31,5,2025-05-30,100,heat,"{""rain"":0,""heat"":32.98,""dry"":7}",0,T1;T3;T2;T5;T6;T7;T8;T15;T13;T14;T4,false,false
18-2025-05-27,18,Toulouse,TO,2025-05-27,2025-05-31,5,2025-05-30,100,heat,"{""rain"":0,""heat"":32.83,""dry"":7}",0,T10;T11,false,false
19-2025-05-27,19,Toulouse,TO,2025-05-27,2025-05-31,5,2025-05-30,100,heat,"{""rain"":0,""heat"":32.98,""dry"":7}",0,T21;T24;T9;T12;T17;T18;T19;T20;T16;T22,false,false
20-2025-05-27,20,Toulouse,TO,2025-05-27,2025-05-31,5,2025-05-30,100,heat,"{""rain"":0,""heat"":32.98,""dry"":7}",0,T25,false,false
6-2025-06-27,6,Coimbra,CO,2025-06-27,2025-07-01,5,2025-06-29,100,heat,"{""rain"":2.34,""heat"":37.71,""dry"":0}",0,C17,false,false
18-2025-08-09,18,Toulouse,TO,2025-08-09,2025-08-13,5,2025-08-11,100,heat,"{""rain"":0.02,""heat"":41.53,""dry"":16}",0,T10;T11,false,false
3-2025-11-13,3,Coimbra,CO,2025-11-13,2025-11-17,5,2025-11-13,100,rain,"{""rain"":116.42,""heat"":17.79,""dry"":0}",0,C1;C2;C3;C4;C5;C6;C8;C9;C10;C11;C12;C16;C18;C20,false,false
7-2025-11-13,7,Coimbra,CO,2025-11-13,2025-11-17,5,2025-11-13,100,rain,"{""rain"":118.68,""heat"":17,""dry"":0}",0,C7;C19,false,false
17-2025-12-12,17,Toulouse,TO,2025-12-12,2025-12-16,5,2025-12-15,100,dry,"{""rain"":0.09,""heat"":16.36,""dry"":9}",0,T1;T3;T2;T5;T6;T7;T8;T15;T13;T14;T4,false,false
19-2025-12-12,19,Toulouse,TO,2025-12-12,2025-12-16,5,2025-12-15,100,dry,"{""rain"":0.09,""heat"":16.36,""dry"":9}",0,T21;T24;T9;T12;T17;T18;T19;T20;T16;T22,false,false
20-2025-12-12,20,Toulouse,TO,2025-12-12,2025-12-16,5,2025-12-15,100,dry,"{""rain"":0.09,""heat"":16.36,""dry"":9}",0,T25,false,false
4-2026-01-27,4,Coimbra,CO,2026-01-27,2026-01-31,5,2026-01-29,100,rain,"{""rain"":91.86,""heat"":14.54,""dry"":0}",0,C13,false,false
5-2026-01-27,5,Coimbra,CO,2026-01-27,2026-01-31,5,2026-01-29,100,rain,"{""rain"":91.86,""heat"":14.54,""dry"":0}",0,C14;C15,false,false
17-2026-02-10,17,Toulouse,TO,2026-02-10,2026-02-14,5,2026-02-10,100,rain,"{""rain"":39.5,""heat"":14.05,""dry"":0}",0,T1;T3;T2;T5;T6;T7;T8;T15;T13;T14;T4,false,false
19-2026-02-10,19,Toulouse,TO,2026-02-10,2026-02-14,5,2026-02-10,100,rain,"{""rain"":39.5,""heat"":14.05,""dry"":0}",0,T21;T24;T9;T12;T17;T18;T19;T20;T16;T22,false,false
20-2026-02-10,20,Toulouse,TO,2026-02-10,2026-02-14,5,2026-02-10,100,rain,"{""rain"":39.5,""heat"":14.05,""dry"":0}",0,T25,false,false
8-2026-03-02,8,Ghent,GH,2026-03-02,2026-03-06,5,2026-03-05,100,heat,"{""rain"":0,""heat"":18.14,""dry"":5}",0,G13;G14;G15;G16;G17;G18;G1;G19;G20,false,false
9-2026-03-02,9,Ghent,GH,2026-03-02,2026-03-06,5,2026-03-05,100,heat,"{""rain"":0,""heat"":18.14,""dry"":5}",0,G6;G8;G10;G22;G11;G12;G4;G21;G5;G3,false,false
10-2026-03-02,10,Ghent,GH,2026-03-02,2026-03-06,5,2026-03-04,100,heat,"{""rain"":0,""heat"":17.27,""dry"":5}",0,G2;G9;G7,false,false
3-2026-05-09,3,Coimbra,CO,2026-05-09,2026-05-13,5,2026-05-10,100,rain,"{""rain"":49.85,""heat"":18.37,""dry"":0}",0,C1;C2;C3;C4;C5;C6;C8;C9;C10;C11;C12;C16;C18;C20,false,false
4-2026-05-09,4,Coimbra,CO,2026-05-09,2026-05-13,5,2026-05-10,100,rain,"{""rain"":47.37,""heat"":18.07,""dry"":0}",0,C13,false,false
5-2026-05-09,5,Coimbra,CO,2026-05-09,2026-05-13,5,2026-05-09,100,rain,"{""rain"":26.01,""heat"":17.78,""dry"":0}",0,C14;C15,false,false
6-2026-05-09,6,Coimbra,CO,2026-05-09,2026-05-13,5,2026-05-10,100,rain,"{""rain"":49.85,""heat"":18.37,""dry"":0}",0,C17,false,false
4-2026-06-09,4,Coimbra,CO,2026-06-09,2026-06-13,5,2026-06-11,100,heat,"{""rain"":0.01,""heat"":33.73,""dry"":18}",0,C13,false,false
10-2026-06-23,10,Ghent,GH,2026-06-23,2026-06-27,5,2026-06-24,100,heat,"{""rain"":0,""heat"":35.52,""dry"":3}",0,G2;G9;G7,false,false
3-2026-07-01,3,Coimbra,CO,2026-07-01,2026-07-05,5,2026-07-02,100,heat,"{""rain"":0,""heat"":38.4,""dry"":6}",0,C1;C2;C3;C4;C5;C6;C8;C9;C10;C11;C12;C16;C18;C20,false,false
4-2026-07-01,4,Coimbra,CO,2026-07-01,2026-07-05,5,2026-07-02,100,heat,"{""rain"":0,""heat"":38.45,""dry"":6}",0,C13,false,false
5-2026-07-01,5,Coimbra,CO,2026-07-01,2026-07-05,5,2026-07-02,100,heat,"{""rain"":0,""heat"":38.4,""dry"":6}",0,C14;C15,false,false
6-2026-07-01,6,Coimbra,CO,2026-07-01,2026-07-05,5,2026-07-02,100,heat,"{""rain"":0,""heat"":38.4,""dry"":6}",0,C17,false,false
7-2026-07-01,7,Coimbra,CO,2026-07-01,2026-07-05,5,2026-07-02,100,heat,"{""rain"":0,""heat"":38.4,""dry"":6}",0,C7;C19,false,false
11-2026-07-13,11,Oslo,OS,2026-07-13,2026-07-17,5,2026-07-15,100,heat,"{""rain"":0,""heat"":30.68,""dry"":4}",0,O1;O2;O3;O9;O10;O13;O14;O20,false,false
14-2026-07-13,14,Oslo,OS,2026-07-13,2026-07-17,5,2026-07-15,100,heat,"{""rain"":0,""heat"":31.57,""dry"":4}",0,O19,false,false
15-2026-07-13,15,Oslo,OS,2026-07-13,2026-07-17,5,2026-07-15,100,heat,"{""rain"":0,""heat"":32.17,""dry"":3}",0,O6,false,false
16-2026-07-13,16,Oslo,OS,2026-07-13,2026-07-17,5,2026-07-15,100,heat,"{""rain"":0,""heat"":32.17,""dry"":3}",0,O7;O8,false,false
10-2026-03-20,10,Ghent,GH,2026-03-20,2026-03-24,5,2026-03-24,99.58677685950413,dry,"{""rain"":0,""heat"":15.86,""dry"":10}",0,G2;G9;G7,false,false
1-2026-04-25,1,Benevento,BE,2026-04-25,2026-04-29,5,2026-04-29,98.77049180327869,dry,"{""rain"":0.17,""heat"":24.63,""dry"":13}",0,BN4;BN5;BN9;BN13;BN14;BN15;BN16,false,false
11-2025-10-22,11,Oslo,OS,2025-10-22,2025-10-26,5,2025-10-24,98.36065573770492,rain,"{""rain"":52.17,""heat"":9.75,""dry"":0}",0,O1;O2;O3;O9;O10;O13;O14;O20,false,false
12-2025-10-22,12,Oslo,OS,2025-10-22,2025-10-26,5,2025-10-22,98.36065573770492,rain,"{""rain"":37.99,""heat"":10.86,""dry"":0}",0,O17;O5;O4;O11;O12;O15;O16,false,false
13-2025-10-22,13,Oslo,OS,2025-10-22,2025-10-26,5,2025-10-23,98.36065573770492,rain,"{""rain"":32.61,""heat"":11.04,""dry"":0}",0,O18,false,false
14-2025-10-22,14,Oslo,OS,2025-10-22,2025-10-26,5,2025-10-24,98.36065573770492,rain,"{""rain"":45.64,""heat"":9.83,""dry"":0}",0,O19,false,false
15-2025-10-22,15,Oslo,OS,2025-10-22,2025-10-26,5,2025-10-23,98.36065573770492,rain,"{""rain"":32.61,""heat"":11.04,""dry"":0}",0,O6,false,false
16-2025-10-22,16,Oslo,OS,2025-10-22,2025-10-26,5,2025-10-22,98.36065573770492,rain,"{""rain"":37.99,""heat"":10.86,""dry"":0}",0,O7;O8,false,false
4-2025-04-12,4,Coimbra,CO,2025-04-12,2025-04-16,5,2025-04-16,97.54098360655738,rain,"{""rain"":37.08,""heat"":14.52,""dry"":0}",0,C13,false,false
5-2025-04-12,5,Coimbra,CO,2025-04-12,2025-04-16,5,2025-04-16,97.54098360655738,rain,"{""rain"":37.08,""heat"":14.52,""dry"":0}",0,C14;C15,false,false
18-2026-01-02,18,Toulouse,TO,2026-01-02,2026-01-06,5,2026-01-04,96.98275862068965,dry,"{""rain"":0.23,""heat"":2.98,""dry"":9}",0,T10;T11,false,false
17-2026-01-02,17,Toulouse,TO,2026-01-02,2026-01-06,5,2026-01-04,96.95652173913044,dry,"{""rain"":0.17,""heat"":2.99,""dry"":9}",0,T1;T3;T2;T5;T6;T7;T8;T15;T13;T14;T4,false,false
19-2026-01-02,19,Toulouse,TO,2026-01-02,2026-01-06,5,2026-01-04,96.95652173913044,dry,"{""rain"":0.17,""heat"":2.99,""dry"":9}",0,T21;T24;T9;T12;T17;T18;T19;T20;T16;T22,false,false
20-2026-01-02,20,Toulouse,TO,2026-01-02,2026-01-06,5,2026-01-04,96.95652173913044,dry,"{""rain"":0.17,""heat"":2.99,""dry"":9}",0,T25,false,false
18-2025-04-08,18,Toulouse,TO,2025-04-08,2025-04-11,4,2025-04-11,100,dry,"{""rain"":0.7,""heat"":20.64,""dry"":9}",0,T10;T11,false,false
8-2025-04-29,8,Ghent,GH,2025-04-29,2025-05-02,4,2025-05-01,100,heat,"{""rain"":0,""heat"":27.71,""dry"":7}",0,G13;G14;G15;G16;G17;G18;G1;G19;G20,false,false
9-2025-04-29,9,Ghent,GH,2025-04-29,2025-05-02,4,2025-05-01,100,heat,"{""rain"":0,""heat"":27.48,""dry"":7}",0,G6;G8;G10;G22;G11;G12;G4;G21;G5;G3,false,false
10-2025-04-29,10,Ghent,GH,2025-04-29,2025-05-02,4,2025-05-01,100,heat,"{""rain"":0,""heat"":27.48,""dry"":7}",0,G2;G9;G7,false,false
3-2025-05-02,3,Coimbra,CO,2025-05-02,2025-05-05,4,2025-05-02,100,rain,"{""rain"":29.16,""heat"":19.63,""dry"":0}",0,C1;C2;C3;C4;C5;C6;C8;C9;C10;C11;C12;C16;C18;C20,false,false
4-2025-05-02,4,Coimbra,CO,2025-05-02,2025-05-05,4,2025-05-02,100,rain,"{""rain"":26.07,""heat"":18.92,""dry"":0}",0,C13,false,false
5-2025-05-02,5,Coimbra,CO,2025-05-02,2025-05-05,4,2025-05-02,100,rain,"{""rain"":26.07,""heat"":18.92,""dry"":0}",0,C14;C15,false,false
6-2025-05-02,6,Coimbra,CO,2025-05-02,2025-05-05,4,2025-05-02,100,rain,"{""rain"":33.24,""heat"":17.77,""dry"":0}",0,C17,false,false
7-2025-05-02,7,Coimbra,CO,2025-05-02,2025-05-05,4,2025-05-03,100,rain,"{""rain"":30.36,""heat"":17.24,""dry"":0}",0,C7;C19,false,false
17-2025-05-19,17,Toulouse,TO,2025-05-19,2025-05-22,4,2025-05-20,100,rain,"{""rain"":61.4,""heat"":19.47,""dry"":0}",0,T1;T3;T2;T5;T6;T7;T8;T15;T13;T14;T4,false,false
18-2025-05-19,18,Toulouse,TO,2025-05-19,2025-05-22,4,2025-05-19,100,rain,"{""rain"":41.59,""heat"":21.69,""dry"":0}",0,T10;T11,false,false
19-2025-05-19,19,Toulouse,TO,2025-05-19,2025-05-22,4,2025-05-20,100,rain,"{""rain"":61.4,""heat"":19.47,""dry"":0}",0,T21;T24;T9;T12;T17;T18;T19;T20;T16;T22,false,false
20-2025-05-19,20,Toulouse,TO,2025-05-19,2025-05-22,4,2025-05-20,100,rain,"{""rain"":61.4,""heat"":19.47,""dry"":0}",0,T25,false,false
7-2025-06-27,7,Coimbra,CO,2025-06-27,2025-06-30,4,2025-06-29,100,heat,"{""rain"":1.63,""heat"":37.67,""dry"":0}",0,C7;C19,false,false
17-2025-06-28,17,Toulouse,TO,2025-06-28,2025-07-01,4,2025-06-30,100,heat,"{""rain"":0,""heat"":37.34,""dry"":4}",0,T1;T3;T2;T5;T6;T7;T8;T15;T13;T14;T4,false,false
19-2025-06-28,19,Toulouse,TO,2025-06-28,2025-07-01,4,2025-06-30,100,heat,"{""rain"":0,""heat"":37.34,""dry"":4}",0,T21;T24;T9;T12;T17;T18;T19;T20;T16;T22,false,false
20-2025-06-28,20,Toulouse,TO,2025-06-28,2025-07-01,4,2025-06-30,100,heat,"{""rain"":0,""heat"":37.34,""dry"":4}",0,T25,false,false
4-2025-11-13,4,Coimbra,CO,2025-11-13,2025-11-16,4,2025-11-13,100,rain,"{""rain"":115.35,""heat"":17.18,""dry"":0}",0,C13,false,false
5-2025-11-13,5,Coimbra,CO,2025-11-13,2025-11-16,4,2025-11-13,100,rain,"{""rain"":115.35,""heat"":17.18,""dry"":0}",0,C14;C15,false,false
6-2025-11-13,6,Coimbra,CO,2025-11-13,2025-11-16,4,2025-11-14,100,rain,"{""rain"":123.22,""heat"":12.65,""dry"":0}",0,C17,false,false
11-2025-12-27,11,Oslo,OS,2025-12-27,2025-12-30,4,2025-12-30,100,dry,"{""rain"":0,""heat"":-1.85,""dry"":11}",0,O1;O2;O3;O9;O10;O13;O14;O20,false,false
12-2025-12-28,12,Oslo,OS,2025-12-28,2025-12-31,4,2025-12-31,100,dry,"{""rain"":0.46,""heat"":0.44,""dry"":12}",0,O17;O5;O4;O11;O12;O15;O16,false,false
14-2025-12-28,14,Oslo,OS,2025-12-28,2025-12-31,4,2025-12-31,100,dry,"{""rain"":0.95,""heat"":-0.41,""dry"":12}",0,O19,false,false
16-2025-12-28,16,Oslo,OS,2025-12-28,2025-12-31,4,2025-12-31,100,dry,"{""rain"":0.46,""heat"":0.44,""dry"":12}",0,O7;O8,false,false
3-2026-01-27,3,Coimbra,CO,2026-01-27,2026-01-30,4,2026-01-28,100,rain,"{""rain"":74,""heat"":14.29,""dry"":0}",0,C1;C2;C3;C4;C5;C6;C8;C9;C10;C11;C12;C16;C18;C20,false,false
6-2026-01-27,6,Coimbra,CO,2026-01-27,2026-01-30,4,2026-01-28,100,rain,"{""rain"":79.38,""heat"":12.75,""dry"":0}",0,C17,false,false
7-2026-01-27,7,Coimbra,CO,2026-01-27,2026-01-30,4,2026-01-28,100,rain,"{""rain"":89.67,""heat"":12.54,""dry"":0}",0,C7;C19,false,false
7-2026-02-10,7,Coimbra,CO,2026-02-10,2026-02-13,4,2026-02-11,100,rain,"{""rain"":97.82,""heat"":14.94,""dry"":0}",0,C7;C19,false,false
2-2026-03-31,2,Benevento,BE,2026-03-31,2026-04-03,4,2026-04-01,100,rain,"{""rain"":77.02,""heat"":8.12,""dry"":0}",0,BN20,false,false
7-2026-05-09,7,Coimbra,CO,2026-05-09,2026-05-12,4,2026-05-10,100,rain,"{""rain"":49.85,""heat"":18.37,""dry"":0}",0,C7;C19,false,false
9-2026-05-23,9,Ghent,GH,2026-05-23,2026-05-26,4,2026-05-26,100,heat,"{""rain"":0,""heat"":30.24,""dry"":6}",0,G6;G8;G10;G22;G11;G12;G4;G21;G5;G3,false,false
12-2026-07-14,12,Oslo,OS,2026-07-14,2026-07-17,4,2026-07-15,100,heat,"{""rain"":0,""heat"":30.68,""dry"":4}",0,O17;O5;O4;O11;O12;O15;O16,false,false
13-2026-07-14,13,Oslo,OS,2026-07-14,2026-07-17,4,2026-07-15,100,heat,"{""rain"":0,""heat"":30.68,""dry"":4}",0,O18,false,false
10-2026-08-12,10,Ghent,GH,2026-08-12,2026-08-15,4,2026-08-13,100,heat,"{""rain"":0,""heat"":35.09,""dry"":null}",3,G2;G9;G7,false,false
9-2025-12-15,9,Ghent,GH,2025-12-15,2025-12-18,4,2025-12-18,99.59016393442623,dry,"{""rain"":1.72,""heat"":13.62,""dry"":10}",0,G6;G8;G10;G22;G11;G12;G4;G21;G5;G3,false,false
10-2025-12-15,10,Ghent,GH,2025-12-15,2025-12-18,4,2025-12-18,99.59016393442623,dry,"{""rain"":1.72,""heat"":13.62,""dry"":10}",0,G2;G9;G7,false,false
18-2025-04-14,18,Toulouse,TO,2025-04-14,2025-04-17,4,2025-04-15,99.18032786885246,rain,"{""rain"":34.23,""heat"":11.74,""dry"":0}",0,T10;T11,false,false
17-2025-05-03,17,Toulouse,TO,2025-05-03,2025-05-06,4,2025-05-06,99.18032786885246,rain,"{""rain"":33.53,""heat"":13.07,""dry"":0}",0,T1;T3;T2;T5;T6;T7;T8;T15;T13;T14;T4,false,false
19-2025-05-03,19,Toulouse,TO,2025-05-03,2025-05-06,4,2025-05-06,99.18032786885246,rain,"{""rain"":33.53,""heat"":13.07,""dry"":0}",0,T21;T24;T9;T12;T17;T18;T19;T20;T16;T22,false,false
20-2025-05-03,20,Toulouse,TO,2025-05-03,2025-05-06,4,2025-05-06,99.18032786885246,rain,"{""rain"":33.53,""heat"":13.07,""dry"":0}",0,T25,false,false
17-2025-06-10,17,Toulouse,TO,2025-06-10,2025-06-13,4,2025-06-11,99.18032786885246,heat,"{""rain"":0,""heat"":33.88,""dry"":4}",0,T1;T3;T2;T5;T6;T7;T8;T15;T13;T14;T4,false,false
19-2025-06-10,19,Toulouse,TO,2025-06-10,2025-06-13,4,2025-06-11,99.18032786885246,heat,"{""rain"":0,""heat"":33.88,""dry"":4}",0,T21;T24;T9;T12;T17;T18;T19;T20;T16;T22,false,false
20-2025-06-10,20,Toulouse,TO,2025-06-10,2025-06-13,4,2025-06-11,99.18032786885246,heat,"{""rain"":0,""heat"":33.88,""dry"":4}",0,T25,false,false
8-2026-05-23,8,Ghent,GH,2026-05-23,2026-05-26,4,2026-05-23,99.18032786885246,heat,"{""rain"":0,""heat"":29.52,""dry"":3}",0,G13;G14;G15;G16;G17;G18;G1;G19;G20,false,false
10-2026-05-23,10,Ghent,GH,2026-05-23,2026-05-26,4,2026-05-25,99.18032786885246,heat,"{""rain"":0,""heat"":29.12,""dry"":5}",0,G2;G9;G7,false,false
3-2025-04-18,3,Coimbra,CO,2025-04-18,2025-04-21,4,2025-04-20,98.36065573770492,rain,"{""rain"":42.9,""heat"":14.65,""dry"":0}",0,C1;C2;C3;C4;C5;C6;C8;C9;C10;C11;C12;C16;C18;C20,false,false
14-2025-09-13,14,Oslo,OS,2025-09-13,2025-09-16,4,2025-09-13,98.36065573770492,rain,"{""rain"":46.67,""heat"":13.63,""dry"":0}",0,O19,false,false
0-2026-07-15,0,Benevento,BE,2026-07-15,2026-07-18,4,2026-07-17,98.36065573770492,heat,"{""rain"":0,""heat"":36.62,""dry"":5}",0,BN1;BN2;BN3;BN6;BN7;BN8;BN10;BN11;BN12;BN17;BN18;BN19,false,false
17-2026-08-11,17,Toulouse,TO,2026-08-11,2026-08-14,4,2026-08-12,98.36065573770492,heat,"{""rain"":0.21,""heat"":39.09,""dry"":3}",0,T1;T3;T2;T5;T6;T7;T8;T15;T13;T14;T4,false,false
18-2026-08-11,18,Toulouse,TO,2026-08-11,2026-08-14,4,2026-08-12,98.36065573770492,heat,"{""rain"":0.32,""heat"":39.03,""dry"":3}",0,T10;T11,false,false
19-2026-08-11,19,Toulouse,TO,2026-08-11,2026-08-14,4,2026-08-12,98.36065573770492,heat,"{""rain"":0.32,""heat"":39.03,""dry"":3}",0,T21;T24;T9;T12;T17;T18;T19;T20;T16;T22,false,false
8-2025-03-06,8,Ghent,GH,2025-03-06,2025-03-09,4,2025-03-07,98.34710743801652,heat,"{""rain"":0,""heat"":17.42,""dry"":7}",0,G13;G14;G15;G16;G17;G18;G1;G19;G20,false,false
9-2025-03-06,9,Ghent,GH,2025-03-06,2025-03-09,4,2025-03-07,98.34710743801652,heat,"{""rain"":0,""heat"":17.3,""dry"":7}",0,G6;G8;G10;G22;G11;G12;G4;G21;G5;G3,false,false
10-2025-03-06,10,Ghent,GH,2025-03-06,2025-03-09,4,2025-03-07,98.34710743801652,heat,"{""rain"":0,""heat"":17.3,""dry"":7}",0,G2;G9;G7,false,false
0-2026-04-11,0,Benevento,BE,2026-04-11,2026-04-14,4,2026-04-14,97.95081967213115,dry,"{""rain"":1.26,""heat"":20.38,""dry"":12}",0,BN1;BN2;BN3;BN6;BN7;BN8;BN10;BN11;BN12;BN17;BN18;BN19,false,false
9-2025-03-19,9,Ghent,GH,2025-03-19,2025-03-22,4,2025-03-21,97.93388429752066,dry,"{""rain"":0,""heat"":18.77,""dry"":8}",0,G6;G8;G10;G22;G11;G12;G4;G21;G5;G3,false,false
10-2025-03-19,10,Ghent,GH,2025-03-19,2025-03-22,4,2025-03-21,97.93388429752066,dry,"{""rain"":0,""heat"":18.77,""dry"":8}",0,G2;G9;G7,false,false
4-2025-04-18,4,Coimbra,CO,2025-04-18,2025-04-21,4,2025-04-20,97.54098360655738,rain,"{""rain"":40.32,""heat"":14.57,""dry"":0}",0,C13,false,false
5-2025-04-18,5,Coimbra,CO,2025-04-18,2025-04-21,4,2025-04-20,97.54098360655738,rain,"{""rain"":40.32,""heat"":14.57,""dry"":0}",0,C14;C15,false,false
8-2025-12-07,8,Ghent,GH,2025-12-07,2025-12-10,4,2025-12-07,96.72131147540983,heat,"{""rain"":11.04,""heat"":14.52,""dry"":0}",0,G13;G14;G15;G16;G17;G18;G1;G19;G20,false,false
9-2025-12-07,9,Ghent,GH,2025-12-07,2025-12-10,4,2025-12-07,96.72131147540983,heat,"{""rain"":14.46,""heat"":14.51,""dry"":0}",0,G6;G8;G10;G22;G11;G12;G4;G21;G5;G3,false,false
10-2025-12-07,10,Ghent,GH,2025-12-07,2025-12-10,4,2025-12-07,96.72131147540983,heat,"{""rain"":14.46,""heat"":14.51,""dry"":0}",0,G2;G9;G7,false,false
8-2025-03-19,8,Ghent,GH,2025-03-19,2025-03-22,4,2025-03-21,96.28099173553719,dry,"{""rain"":0,""heat"":19.1,""dry"":8}",0,G13;G14;G15;G16;G17;G18;G1;G19;G20,false,false
8-2025-01-05,8,Ghent,GH,2025-01-05,2025-01-07,3,2025-01-07,100,rain,"{""rain"":31.24,""heat"":4.34,""dry"":0}",0,G13;G14;G15;G16;G17;G18;G1;G19;G20,false,false
11-2025-01-07,11,Oslo,OS,2025-01-07,2025-01-09,3,2025-01-07,100,rain,"{""rain"":47.16,""heat"":1.07,""dry"":0}",0,O1;O2;O3;O9;O10;O13;O14;O20,false,false
12-2025-01-07,12,Oslo,OS,2025-01-07,2025-01-09,3,2025-01-07,100,rain,"{""rain"":48.58,""heat"":1.9,""dry"":0}",0,O17;O5;O4;O11;O12;O15;O16,false,false
13-2025-01-07,13,Oslo,OS,2025-01-07,2025-01-09,3,2025-01-07,100,rain,"{""rain"":45.53,""heat"":1.86,""dry"":0}",0,O18,false,false
14-2025-01-07,14,Oslo,OS,2025-01-07,2025-01-09,3,2025-01-07,100,rain,"{""rain"":44.24,""heat"":1.28,""dry"":0}",0,O19,false,false
15-2025-01-07,15,Oslo,OS,2025-01-07,2025-01-09,3,2025-01-07,100,rain,"{""rain"":45.53,""heat"":1.86,""dry"":0}",0,O6,false,false
16-2025-01-07,16,Oslo,OS,2025-01-07,2025-01-09,3,2025-01-07,100,rain,"{""rain"":48.58,""heat"":1.9,""dry"":0}",0,O7;O8,false,false
3-2025-01-27,3,Coimbra,CO,2025-01-27,2025-01-29,3,2025-01-29,100,rain,"{""rain"":71.06,""heat"":14.06,""dry"":0}",0,C1;C2;C3;C4;C5;C6;C8;C9;C10;C11;C12;C16;C18;C20,false,false
4-2025-01-27,4,Coimbra,CO,2025-01-27,2025-01-29,3,2025-01-29,100,rain,"{""rain"":75.59,""heat"":13.73,""dry"":0}",0,C13,false,false
5-2025-01-27,5,Coimbra,CO,2025-01-27,2025-01-29,3,2025-01-29,100,rain,"{""rain"":75.59,""heat"":13.73,""dry"":0}",0,C14;C15,false,false
6-2025-01-27,6,Coimbra,CO,2025-01-27,2025-01-29,3,2025-01-28,100,rain,"{""rain"":76.53,""heat"":12.03,""dry"":0}",0,C17,false,false
7-2025-01-27,7,Coimbra,CO,2025-01-27,2025-01-29,3,2025-01-28,100,rain,"{""rain"":83.06,""heat"":12.42,""dry"":0}",0,C7;C19,false,false
3-2025-03-21,3,Coimbra,CO,2025-03-21,2025-03-23,3,2025-03-22,100,rain,"{""rain"":74.26,""heat"":12.07,""dry"":0}",0,C1;C2;C3;C4;C5;C6;C8;C9;C10;C11;C12;C16;C18;C20,false,false
4-2025-03-21,4,Coimbra,CO,2025-03-21,2025-03-23,3,2025-03-22,100,rain,"{""rain"":76.01,""heat"":11.67,""dry"":0}",0,C13,false,false
5-2025-03-21,5,Coimbra,CO,2025-03-21,2025-03-23,3,2025-03-22,100,rain,"{""rain"":76.01,""heat"":11.67,""dry"":0}",0,C14;C15,false,false
6-2025-03-21,6,Coimbra,CO,2025-03-21,2025-03-23,3,2025-03-22,100,rain,"{""rain"":83.55,""heat"":10.54,""dry"":0}",0,C17,false,false
7-2025-03-21,7,Coimbra,CO,2025-03-21,2025-03-23,3,2025-03-22,100,rain,"{""rain"":80.52,""heat"":11.04,""dry"":0}",0,C7;C19,false,false
11-2025-06-06,11,Oslo,OS,2025-06-06,2025-06-08,3,2025-06-07,100,rain,"{""rain"":46.14,""heat"":14.78,""dry"":0}",0,O1;O2;O3;O9;O10;O13;O14;O20,false,false
13-2025-06-06,13,Oslo,OS,2025-06-06,2025-06-08,3,2025-06-07,100,rain,"{""rain"":38.36,""heat"":15.75,""dry"":0}",0,O18,false,false
14-2025-06-06,14,Oslo,OS,2025-06-06,2025-06-08,3,2025-06-07,100,rain,"{""rain"":44.57,""heat"":14.83,""dry"":0}",0,O19,false,false
15-2025-06-06,15,Oslo,OS,2025-06-06,2025-06-08,3,2025-06-07,100,rain,"{""rain"":38.36,""heat"":15.75,""dry"":0}",0,O6,false,false
6-2025-06-16,6,Coimbra,CO,2025-06-16,2025-06-18,3,2025-06-16,100,heat,"{""rain"":0.01,""heat"":34.3,""dry"":4}",0,C17,false,false
7-2025-06-16,7,Coimbra,CO,2025-06-16,2025-06-18,3,2025-06-16,100,heat,"{""rain"":0.03,""heat"":34.56,""dry"":4}",0,C7;C19,false,false
8-2025-06-30,8,Ghent,GH,2025-06-30,2025-07-02,3,2025-06-30,100,heat,"{""rain"":0.07,""heat"":31.74,""dry"":3}",0,G13;G14;G15;G16;G17;G18;G1;G19;G20,false,false
9-2025-06-30,9,Ghent,GH,2025-06-30,2025-07-02,3,2025-06-30,100,heat,"{""rain"":0.06,""heat"":32.05,""dry"":3}",0,G6;G8;G10;G22;G11;G12;G4;G21;G5;G3,false,false
10-2025-06-30,10,Ghent,GH,2025-06-30,2025-07-02,3,2025-06-30,100,heat,"{""rain"":0.06,""heat"":32.05,""dry"":3}",0,G2;G9;G7,false,false
8-2025-07-06,8,Ghent,GH,2025-07-06,2025-07-08,3,2025-07-06,100,rain,"{""rain"":31.41,""heat"":20.21,""dry"":0}",0,G13;G14;G15;G16;G17;G18;G1;G19;G20,false,false
17-2025-08-27,17,Toulouse,TO,2025-08-27,2025-08-29,3,2025-08-27,100,rain,"{""rain"":45.91,""heat"":24.31,""dry"":0}",0,T1;T3;T2;T5;T6;T7;T8;T15;T13;T14;T4,false,false
18-2025-08-27,18,Toulouse,TO,2025-08-27,2025-08-29,3,2025-08-27,100,rain,"{""rain"":44.18,""heat"":23.42,""dry"":0}",0,T10;T11,false,false
19-2025-08-27,19,Toulouse,TO,2025-08-27,2025-08-29,3,2025-08-27,100,rain,"{""rain"":45.91,""heat"":24.31,""dry"":0}",0,T21;T24;T9;T12;T17;T18;T19;T20;T16;T22,false,false
20-2025-08-27,20,Toulouse,TO,2025-08-27,2025-08-29,3,2025-08-27,100,rain,"{""rain"":45.91,""heat"":24.31,""dry"":0}",0,T25,false,false
0-2025-09-10,0,Benevento,BE,2025-09-10,2025-09-12,3,2025-09-11,100,rain,"{""rain"":52.38,""heat"":24.7,""dry"":0}",0,BN1;BN2;BN3;BN6;BN7;BN8;BN10;BN11;BN12;BN17;BN18;BN19,false,false
1-2025-09-10,1,Benevento,BE,2025-09-10,2025-09-12,3,2025-09-11,100,rain,"{""rain"":52.38,""heat"":24.7,""dry"":0}",0,BN4;BN5;BN9;BN13;BN14;BN15;BN16,false,false
2-2025-09-10,2,Benevento,BE,2025-09-10,2025-09-12,3,2025-09-10,100,rain,"{""rain"":26.44,""heat"":24.69,""dry"":0}",0,BN20,false,false
12-2025-09-11,12,Oslo,OS,2025-09-11,2025-09-13,3,2025-09-13,100,rain,"{""rain"":57.32,""heat"":14.54,""dry"":0}",0,O17;O5;O4;O11;O12;O15;O16,false,false
16-2025-09-11,16,Oslo,OS,2025-09-11,2025-09-13,3,2025-09-13,100,rain,"{""rain"":57.32,""heat"":14.54,""dry"":0}",0,O7;O8,false,false
11-2025-10-04,11,Oslo,OS,2025-10-04,2025-10-06,3,2025-10-05,100,rain,"{""rain"":57.86,""heat"":11.82,""dry"":0}",0,O1;O2;O3;O9;O10;O13;O14;O20,false,false
13-2025-10-04,13,Oslo,OS,2025-10-04,2025-10-06,3,2025-10-05,100,rain,"{""rain"":54.98,""heat"":12.38,""dry"":0}",0,O18,false,false
14-2025-10-04,14,Oslo,OS,2025-10-04,2025-10-06,3,2025-10-05,100,rain,"{""rain"":54.71,""heat"":12.06,""dry"":0}",0,O19,false,false
15-2025-10-04,15,Oslo,OS,2025-10-04,2025-10-06,3,2025-10-05,100,rain,"{""rain"":54.98,""heat"":12.38,""dry"":0}",0,O6,false,false
0-2025-11-25,0,Benevento,BE,2025-11-25,2025-11-27,3,2025-11-25,100,rain,"{""rain"":85.58,""heat"":14.58,""dry"":0}",0,BN1;BN2;BN3;BN6;BN7;BN8;BN10;BN11;BN12;BN17;BN18;BN19,false,false
1-2025-11-25,1,Benevento,BE,2025-11-25,2025-11-27,3,2025-11-25,100,rain,"{""rain"":85.58,""heat"":14.58,""dry"":0}",0,BN4;BN5;BN9;BN13;BN14;BN15;BN16,false,false
2-2025-11-25,2,Benevento,BE,2025-11-25,2025-11-27,3,2025-11-25,100,rain,"{""rain"":49.13,""heat"":13.48,""dry"":0}",0,BN20,false,false
6-2026-02-11,6,Coimbra,CO,2026-02-11,2026-02-13,3,2026-02-11,100,rain,"{""rain"":88.32,""heat"":14.58,""dry"":0}",0,C17,false,false
0-2026-04-01,0,Benevento,BE,2026-04-01,2026-04-03,3,2026-04-01,100,rain,"{""rain"":77.02,""heat"":8.12,""dry"":0}",0,BN1;BN2;BN3;BN6;BN7;BN8;BN10;BN11;BN12;BN17;BN18;BN19,false,false
8-2026-05-28,8,Ghent,GH,2026-05-28,2026-05-30,3,2026-05-29,100,heat,"{""rain"":1.94,""heat"":31.14,""dry"":0}",0,G13;G14;G15;G16;G17;G18;G1;G19;G20,false,false
9-2026-05-28,9,Ghent,GH,2026-05-28,2026-05-30,3,2026-05-29,100,heat,"{""rain"":1.94,""heat"":31.14,""dry"":0}",0,G6;G8;G10;G22;G11;G12;G4;G21;G5;G3,false,false
13-2026-06-04,13,Oslo,OS,2026-06-04,2026-06-06,3,2026-06-05,100,rain,"{""rain"":36.56,""heat"":16.05,""dry"":0}",0,O18,false,false
14-2026-06-04,14,Oslo,OS,2026-06-04,2026-06-06,3,2026-06-05,100,rain,"{""rain"":35.9,""heat"":16.35,""dry"":0}",0,O19,false,false
10-2026-06-18,10,Ghent,GH,2026-06-18,2026-06-20,3,2026-06-18,100,heat,"{""rain"":1.44,""heat"":30.63,""dry"":7}",0,G2;G9;G7,false,false
8-2026-08-12,8,Ghent,GH,2026-08-12,2026-08-14,3,2026-08-13,100,heat,"{""rain"":0,""heat"":34.75,""dry"":null}",3,G13;G14;G15;G16;G17;G18;G1;G19;G20,false,false
9-2026-08-12,9,Ghent,GH,2026-08-12,2026-08-14,3,2026-08-13,100,heat,"{""rain"":0,""heat"":34.75,""dry"":null}",3,G6;G8;G10;G22;G11;G12;G4;G21;G5;G3,false,false
10-2026-04-07,10,Ghent,GH,2026-04-07,2026-04-09,3,2026-04-08,99.59016393442623,dry,"{""rain"":0,""heat"":22.61,""dry"":6}",0,G2;G9;G7,false,false
10-2026-04-15,10,Ghent,GH,2026-04-15,2026-04-17,3,2026-04-17,99.59016393442623,dry,"{""rain"":0.25,""heat"":18.96,""dry"":6}",0,G2;G9;G7,false,false
18-2026-04-19,18,Toulouse,TO,2026-04-19,2026-04-21,3,2026-04-21,99.59016393442623,dry,"{""rain"":0.31,""heat"":26.7,""dry"":8}",0,T10;T11,false,false
18-2025-05-04,18,Toulouse,TO,2025-05-04,2025-05-06,3,2025-05-05,99.18032786885246,rain,"{""rain"":30.11,""heat"":15.6,""dry"":0}",0,T10;T11,false,false
12-2025-06-06,12,Oslo,OS,2025-06-06,2025-06-08,3,2025-06-07,99.18032786885246,rain,"{""rain"":36.89,""heat"":16.09,""dry"":0}",0,O17;O5;O4;O11;O12;O15;O16,false,false
16-2025-06-06,16,Oslo,OS,2025-06-06,2025-06-08,3,2025-06-07,99.18032786885246,rain,"{""rain"":36.89,""heat"":16.09,""dry"":0}",0,O7;O8,false,false
11-2025-09-11,11,Oslo,OS,2025-09-11,2025-09-13,3,2025-09-13,99.18032786885246,rain,"{""rain"":54.03,""heat"":13.45,""dry"":0}",0,O1;O2;O3;O9;O10;O13;O14;O20,false,false
12-2025-10-04,12,Oslo,OS,2025-10-04,2025-10-06,3,2025-10-04,99.18032786885246,rain,"{""rain"":47.21,""heat"":9.8,""dry"":0}",0,O17;O5;O4;O11;O12;O15;O16,false,false
16-2025-10-04,16,Oslo,OS,2025-10-04,2025-10-06,3,2025-10-04,99.18032786885246,rain,"{""rain"":47.21,""heat"":9.8,""dry"":0}",0,O7;O8,false,false
1-2026-04-01,1,Benevento,BE,2026-04-01,2026-04-03,3,2026-04-01,99.18032786885246,rain,"{""rain"":55.99,""heat"":10.44,""dry"":0}",0,BN4;BN5;BN9;BN13;BN14;BN15;BN16,false,false
18-2026-04-12,18,Toulouse,TO,2026-04-12,2026-04-14,3,2026-04-13,99.18032786885246,rain,"{""rain"":29.31,""heat"":13.24,""dry"":0}",0,T10;T11,false,false
20-2026-05-04,20,Toulouse,TO,2026-05-04,2026-05-06,3,2026-05-05,99.18032786885246,rain,"{""rain"":32.78,""heat"":18.14,""dry"":0}",0,T25,false,false
12-2026-06-04,12,Oslo,OS,2026-06-04,2026-06-06,3,2026-06-05,99.18032786885246,rain,"{""rain"":36.56,""heat"":16.05,""dry"":0}",0,O17;O5;O4;O11;O12;O15;O16,false,false
13-2026-06-09,13,Oslo,OS,2026-06-09,2026-06-11,3,2026-06-10,99.18032786885246,rain,"{""rain"":30.61,""heat"":16.18,""dry"":0}",0,O18,false,false
0-2026-08-01,0,Benevento,BE,2026-08-01,2026-08-03,3,2026-08-02,99.18032786885246,heat,"{""rain"":1.84,""heat"":36.92,""dry"":0}",0,BN1;BN2;BN3;BN6;BN7;BN8;BN10;BN11;BN12;BN17;BN18;BN19,false,true
3-2026-09-12,3,Coimbra,CO,2026-09-12,2026-09-14,3,2026-09-13,99.18032786885246,heat,"{""rain"":0,""heat"":35.09,""dry"":null}",3,C1;C2;C3;C4;C5;C6;C8;C9;C10;C11;C12;C16;C18;C20,false,false
3-2026-09-19,3,Coimbra,CO,2026-09-19,2026-09-21,3,2026-09-20,99.18032786885246,heat,"{""rain"":0,""heat"":34.92,""dry"":null}",3,C1;C2;C3;C4;C5;C6;C8;C9;C10;C11;C12;C16;C18;C20,false,true
17-2026-02-16,17,Toulouse,TO,2026-02-16,2026-02-18,3,2026-02-16,99.17355371900827,rain,"{""rain"":33.02,""heat"":12.08,""dry"":0}",0,T1;T3;T2;T5;T6;T7;T8;T15;T13;T14;T4,false,false
19-2026-02-16,19,Toulouse,TO,2026-02-16,2026-02-18,3,2026-02-16,99.17355371900827,rain,"{""rain"":33.02,""heat"":12.08,""dry"":0}",0,T21;T24;T9;T12;T17;T18;T19;T20;T16;T22,false,false
20-2026-02-16,20,Toulouse,TO,2026-02-16,2026-02-18,3,2026-02-16,99.17355371900827,rain,"{""rain"":33.02,""heat"":12.08,""dry"":0}",0,T25,false,false
9-2025-01-05,9,Ghent,GH,2025-01-05,2025-01-07,3,2025-01-07,99.16666666666667,rain,"{""rain"":33.73,""heat"":4.62,""dry"":0}",0,G6;G8;G10;G22;G11;G12;G4;G21;G5;G3,false,false
10-2025-01-05,10,Ghent,GH,2025-01-05,2025-01-07,3,2025-01-07,99.16666666666667,rain,"{""rain"":33.73,""heat"":4.62,""dry"":0}",0,G2;G9;G7,false,false
12-2025-12-08,12,Oslo,OS,2025-12-08,2025-12-10,3,2025-12-08,99.16666666666667,rain,"{""rain"":31.28,""heat"":5.62,""dry"":0}",0,O17;O5;O4;O11;O12;O15;O16,false,false
16-2025-12-08,16,Oslo,OS,2025-12-08,2025-12-10,3,2025-12-08,99.16666666666667,rain,"{""rain"":31.28,""heat"":5.62,""dry"":0}",0,O7;O8,false,false
18-2026-04-08,18,Toulouse,TO,2026-04-08,2026-04-10,3,2026-04-10,98.77049180327869,dry,"{""rain"":0.02,""heat"":21.74,""dry"":7}",0,T10;T11,false,false
20-2026-04-08,20,Toulouse,TO,2026-04-08,2026-04-10,3,2026-04-10,98.77049180327869,dry,"{""rain"":0.02,""heat"":21.89,""dry"":8}",0,T25,false,false
17-2026-04-19,17,Toulouse,TO,2026-04-19,2026-04-21,3,2026-04-21,98.77049180327869,dry,"{""rain"":0.32,""heat"":26.95,""dry"":8}",0,T1;T3;T2;T5;T6;T7;T8;T15;T13;T14;T4,false,false
19-2026-04-19,19,Toulouse,TO,2026-04-19,2026-04-21,3,2026-04-21,98.77049180327869,dry,"{""rain"":0.31,""heat"":26.7,""dry"":8}",0,T21;T24;T9;T12;T17;T18;T19;T20;T16;T22,false,false
20-2026-04-19,20,Toulouse,TO,2026-04-19,2026-04-21,3,2026-04-21,98.77049180327869,dry,"{""rain"":0.06,""heat"":27.05,""dry"":8}",0,T25,false,false
5-2026-09-12,5,Coimbra,CO,2026-09-12,2026-09-14,3,2026-09-13,98.77049180327869,heat,"{""rain"":0,""heat"":35.09,""dry"":null}",3,C14;C15,false,false
5-2026-09-19,5,Coimbra,CO,2026-09-19,2026-09-21,3,2026-09-21,98.77049180327869,heat,"{""rain"":0,""heat"":35.09,""dry"":null}",3,C14;C15,false,true
12-2025-01-18,12,Oslo,OS,2025-01-18,2025-01-20,3,2025-01-20,98.73949579831933,dry,"{""rain"":0.42,""heat"":-0.82,""dry"":13}",0,O17;O5;O4;O11;O12;O15;O16,false,false
13-2025-01-18,13,Oslo,OS,2025-01-18,2025-01-20,3,2025-01-20,98.73949579831933,dry,"{""rain"":0.41,""heat"":-0.14,""dry"":13}",0,O18,false,false
14-2025-01-18,14,Oslo,OS,2025-01-18,2025-01-20,3,2025-01-20,98.73949579831933,dry,"{""rain"":0.46,""heat"":-1.2,""dry"":13}",0,O19,false,false
15-2025-01-18,15,Oslo,OS,2025-01-18,2025-01-20,3,2025-01-20,98.73949579831933,dry,"{""rain"":0.41,""heat"":-0.14,""dry"":13}",0,O6,false,false
16-2025-01-18,16,Oslo,OS,2025-01-18,2025-01-20,3,2025-01-20,98.73949579831933,dry,"{""rain"":0.42,""heat"":-0.82,""dry"":13}",0,O7;O8,false,false
17-2025-01-10,17,Toulouse,TO,2025-01-10,2025-01-12,3,2025-01-10,98.36065573770492,heat,"{""rain"":5.65,""heat"":17.75,""dry"":0}",0,T1;T3;T2;T5;T6;T7;T8;T15;T13;T14;T4,false,false
19-2025-01-10,19,Toulouse,TO,2025-01-10,2025-01-12,3,2025-01-10,98.36065573770492,heat,"{""rain"":5.65,""heat"":17.75,""dry"":0}",0,T21;T24;T9;T12;T17;T18;T19;T20;T16;T22,false,false
20-2025-01-10,20,Toulouse,TO,2025-01-10,2025-01-12,3,2025-01-10,98.36065573770492,heat,"{""rain"":5.65,""heat"":17.75,""dry"":0}",0,T25,false,false
3-2025-04-14,3,Coimbra,CO,2025-04-14,2025-04-16,3,2025-04-16,98.36065573770492,rain,"{""rain"":42,""heat"":14.98,""dry"":0}",0,C1;C2;C3;C4;C5;C6;C8;C9;C10;C11;C12;C16;C18;C20,false,false
17-2025-04-15,17,Toulouse,TO,2025-04-15,2025-04-17,3,2025-04-15,98.36065573770492,rain,"{""rain"":30.75,""heat"":11.84,""dry"":0}",0,T1;T3;T2;T5;T6;T7;T8;T15;T13;T14;T4,false,false
19-2025-04-15,19,Toulouse,TO,2025-04-15,2025-04-17,3,2025-04-15,98.36065573770492,rain,"{""rain"":30.75,""heat"":11.84,""dry"":0}",0,T21;T24;T9;T12;T17;T18;T19;T20;T16;T22,false,false
20-2025-04-15,20,Toulouse,TO,2025-04-15,2025-04-17,3,2025-04-15,98.36065573770492,rain,"{""rain"":30.75,""heat"":11.84,""dry"":0}",0,T25,false,false
7-2025-04-19,7,Coimbra,CO,2025-04-19,2025-04-21,3,2025-04-20,98.36065573770492,rain,"{""rain"":46.7,""heat"":13.87,""dry"":0}",0,C7;C19,false,false
3-2025-06-28,3,Coimbra,CO,2025-06-28,2025-06-30,3,2025-06-29,98.36065573770492,heat,"{""rain"":0.64,""heat"":34.13,""dry"":17}",0,C1;C2;C3;C4;C5;C6;C8;C9;C10;C11;C12;C16;C18;C20,false,false
4-2025-06-28,4,Coimbra,CO,2025-06-28,2025-06-30,3,2025-06-29,98.36065573770492,heat,"{""rain"":0.8,""heat"":34.48,""dry"":17}",0,C13,false,false
5-2025-06-28,5,Coimbra,CO,2025-06-28,2025-06-30,3,2025-06-29,98.36065573770492,heat,"{""rain"":0.8,""heat"":34.48,""dry"":17}",0,C14;C15,false,false
9-2025-07-06,9,Ghent,GH,2025-07-06,2025-07-08,3,2025-07-07,98.36065573770492,rain,"{""rain"":31.11,""heat"":19.08,""dry"":0}",0,G6;G8;G10;G22;G11;G12;G4;G21;G5;G3,false,false
10-2025-07-06,10,Ghent,GH,2025-07-06,2025-07-08,3,2025-07-07,98.36065573770492,rain,"{""rain"":31.11,""heat"":19.08,""dry"":0}",0,G2;G9;G7,false,false
3-2025-10-31,3,Coimbra,CO,2025-10-31,2025-11-02,3,2025-11-01,98.36065573770492,rain,"{""rain"":68.56,""heat"":18.44,""dry"":0}",0,C1;C2;C3;C4;C5;C6;C8;C9;C10;C11;C12;C16;C18;C20,false,false
4-2025-10-31,4,Coimbra,CO,2025-10-31,2025-11-02,3,2025-11-01,98.36065573770492,rain,"{""rain"":67.66,""heat"":17.91,""dry"":0}",0,C13,false,false
5-2025-10-31,5,Coimbra,CO,2025-10-31,2025-11-02,3,2025-11-01,98.36065573770492,rain,"{""rain"":67.66,""heat"":17.91,""dry"":0}",0,C14;C15,false,false
3-2025-11-05,3,Coimbra,CO,2025-11-05,2025-11-07,3,2025-11-07,98.36065573770492,rain,"{""rain"":69.92,""heat"":17.93,""dry"":0}",0,C1;C2;C3;C4;C5;C6;C8;C9;C10;C11;C12;C16;C18;C20,false,false
4-2025-11-05,4,Coimbra,CO,2025-11-05,2025-11-07,3,2025-11-07,98.36065573770492,rain,"{""rain"":69.93,""heat"":17.61,""dry"":0}",0,C13,false,false
5-2025-11-05,5,Coimbra,CO,2025-11-05,2025-11-07,3,2025-11-07,98.36065573770492,rain,"{""rain"":69.93,""heat"":17.61,""dry"":0}",0,C14;C15,false,false
7-2025-11-05,7,Coimbra,CO,2025-11-05,2025-11-07,3,2025-11-07,98.36065573770492,rain,"{""rain"":74,""heat"":16.67,""dry"":0}",0,C7;C19,false,false
19-2026-04-12,19,Toulouse,TO,2026-04-12,2026-04-14,3,2026-04-13,98.36065573770492,rain,"{""rain"":29.31,""heat"":13.24,""dry"":0}",0,T21;T24;T9;T12;T17;T18;T19;T20;T16;T22,false,false
20-2026-04-12,20,Toulouse,TO,2026-04-12,2026-04-14,3,2026-04-13,98.36065573770492,rain,"{""rain"":30.68,""heat"":13.62,""dry"":0}",0,T25,false,false
20-2026-08-12,20,Toulouse,TO,2026-08-12,2026-08-14,3,2026-08-13,98.36065573770492,heat,"{""rain"":0.04,""heat"":39.17,""dry"":4}",0,T25,false,false
10-2026-08-19,10,Ghent,GH,2026-08-19,2026-08-21,3,2026-08-19,98.36065573770492,rain,"{""rain"":29.62,""heat"":19.48,""dry"":0}",0,G2;G9;G7,false,false
4-2026-09-12,4,Coimbra,CO,2026-09-12,2026-09-14,3,2026-09-12,98.36065573770492,heat,"{""rain"":0,""heat"":33.99,""dry"":null}",3,C13,false,false
6-2026-09-12,6,Coimbra,CO,2026-09-12,2026-09-14,3,2026-09-13,98.36065573770492,heat,"{""rain"":0,""heat"":35.09,""dry"":null}",3,C17,false,false
7-2026-09-12,7,Coimbra,CO,2026-09-12,2026-09-14,3,2026-09-13,98.36065573770492,heat,"{""rain"":0,""heat"":35.09,""dry"":null}",3,C7;C19,false,false
4-2026-09-19,4,Coimbra,CO,2026-09-19,2026-09-21,3,2026-09-20,98.36065573770492,heat,"{""rain"":0,""heat"":34.41,""dry"":null}",3,C13,false,true
6-2026-09-19,6,Coimbra,CO,2026-09-19,2026-09-21,3,2026-09-20,98.36065573770492,heat,"{""rain"":0,""heat"":34.92,""dry"":null}",3,C17,false,true
7-2026-09-19,7,Coimbra,CO,2026-09-19,2026-09-21,3,2026-09-20,98.36065573770492,heat,"{""rain"":0,""heat"":34.92,""dry"":null}",3,C7;C19,false,true
11-2025-12-08,11,Oslo,OS,2025-12-08,2025-12-10,3,2025-12-08,98.33333333333333,rain,"{""rain"":29.26,""heat"":4.37,""dry"":0}",0,O1;O2;O3;O9;O10;O13;O14;O20,false,false
13-2025-12-08,13,Oslo,OS,2025-12-08,2025-12-10,3,2025-12-08,98.33333333333333,rain,"{""rain"":25.64,""heat"":5.53,""dry"":0}",0,O18,false,false
14-2025-12-08,14,Oslo,OS,2025-12-08,2025-12-10,3,2025-12-08,98.33333333333333,rain,"{""rain"":27.34,""heat"":4.77,""dry"":0}",0,O19,false,false
15-2025-12-08,15,Oslo,OS,2025-12-08,2025-12-10,3,2025-12-08,98.33333333333333,rain,"{""rain"":25.64,""heat"":5.53,""dry"":0}",0,O6,false,false
2-2026-01-05,2,Benevento,BE,2026-01-05,2026-01-07,3,2026-01-06,98.33333333333333,rain,"{""rain"":58.51,""heat"":10.61,""dry"":0}",0,BN20,false,false
11-2026-01-14,11,Oslo,OS,2026-01-14,2026-01-16,3,2026-01-16,98.33333333333333,rain,"{""rain"":36.67,""heat"":3.02,""dry"":0}",0,O1;O2;O3;O9;O10;O13;O14;O20,false,false
12-2026-01-14,12,Oslo,OS,2026-01-14,2026-01-16,3,2026-01-16,98.33333333333333,rain,"{""rain"":37.91,""heat"":3.73,""dry"":0}",0,O17;O5;O4;O11;O12;O15;O16,false,false
16-2026-01-14,16,Oslo,OS,2026-01-14,2026-01-16,3,2026-01-16,98.33333333333333,rain,"{""rain"":37.91,""heat"":3.73,""dry"":0}",0,O7;O8,false,false
3-2025-01-01,3,Coimbra,CO,2025-01-01,2025-01-03,3,2025-01-03,97.95081967213115,dry,"{""rain"":0,""heat"":15.03,""dry"":15}",0,C1;C2;C3;C4;C5;C6;C8;C9;C10;C11;C12;C16;C18;C20,true,false
6-2025-01-01,6,Coimbra,CO,2025-01-01,2025-01-03,3,2025-01-03,97.95081967213115,dry,"{""rain"":0.07,""heat"":13.37,""dry"":15}",0,C17,true,false
7-2025-01-01,7,Coimbra,CO,2025-01-01,2025-01-03,3,2025-01-03,97.95081967213115,dry,"{""rain"":0.05,""heat"":14.1,""dry"":15}",0,C7;C19,true,false
17-2026-04-08,17,Toulouse,TO,2026-04-08,2026-04-10,3,2026-04-10,97.95081967213115,dry,"{""rain"":0.02,""heat"":22.15,""dry"":7}",0,T1;T3;T2;T5;T6;T7;T8;T15;T13;T14;T4,false,false
19-2026-04-08,19,Toulouse,TO,2026-04-08,2026-04-10,3,2026-04-10,97.95081967213115,dry,"{""rain"":0.02,""heat"":21.74,""dry"":7}",0,T21;T24;T9;T12;T17;T18;T19;T20;T16;T22,false,false
9-2026-03-22,9,Ghent,GH,2026-03-22,2026-03-24,3,2026-03-24,97.93388429752066,dry,"{""rain"":0.01,""heat"":15.73,""dry"":8}",0,G6;G8;G10;G22;G11;G12;G4;G21;G5;G3,false,false
18-2025-01-10,18,Toulouse,TO,2025-01-10,2025-01-12,3,2025-01-10,97.54098360655738,heat,"{""rain"":6.88,""heat"":17.77,""dry"":0}",0,T10;T11,false,false
7-2025-04-14,7,Coimbra,CO,2025-04-14,2025-04-16,3,2025-04-14,97.54098360655738,rain,"{""rain"":42.26,""heat"":14.99,""dry"":0}",0,C7;C19,false,false
6-2025-04-19,6,Coimbra,CO,2025-04-19,2025-04-21,3,2025-04-19,97.54098360655738,rain,"{""rain"":35.97,""heat"":12.79,""dry"":0}",0,C17,false,false
17-2025-04-19,17,Toulouse,TO,2025-04-19,2025-04-21,3,2025-04-20,97.54098360655738,rain,"{""rain"":25.17,""heat"":16.85,""dry"":0}",0,T1;T3;T2;T5;T6;T7;T8;T15;T13;T14;T4,false,false
19-2025-04-19,19,Toulouse,TO,2025-04-19,2025-04-21,3,2025-04-20,97.54098360655738,rain,"{""rain"":25.17,""heat"":16.85,""dry"":0}",0,T21;T24;T9;T12;T17;T18;T19;T20;T16;T22,false,false
20-2025-04-19,20,Toulouse,TO,2025-04-19,2025-04-21,3,2025-04-20,97.54098360655738,rain,"{""rain"":25.17,""heat"":16.85,""dry"":0}",0,T25,false,false
8-2025-05-11,8,Ghent,GH,2025-05-11,2025-05-13,3,2025-05-11,97.54098360655738,heat,"{""rain"":0.03,""heat"":25.58,""dry"":17}",0,G13;G14;G15;G16;G17;G18;G1;G19;G20,false,false
0-2025-07-28,0,Benevento,BE,2025-07-28,2025-07-30,3,2025-07-29,97.54098360655738,rain,"{""rain"":14.88,""heat"":23.86,""dry"":1}",0,BN1;BN2;BN3;BN6;BN7;BN8;BN10;BN11;BN12;BN17;BN18;BN19,false,false
1-2025-07-28,1,Benevento,BE,2025-07-28,2025-07-30,3,2025-07-29,97.54098360655738,rain,"{""rain"":14.88,""heat"":23.86,""dry"":1}",0,BN4;BN5;BN9;BN13;BN14;BN15;BN16,false,false
6-2025-11-05,6,Coimbra,CO,2025-11-05,2025-11-07,3,2025-11-07,97.54098360655738,rain,"{""rain"":72.46,""heat"":16.22,""dry"":0}",0,C17,false,false
0-2025-11-19,0,Benevento,BE,2025-11-19,2025-11-21,3,2025-11-19,97.54098360655738,rain,"{""rain"":44.98,""heat"":13.78,""dry"":0}",0,BN1;BN2;BN3;BN6;BN7;BN8;BN10;BN11;BN12;BN17;BN18;BN19,false,false
1-2025-11-19,1,Benevento,BE,2025-11-19,2025-11-21,3,2025-11-19,97.54098360655738,rain,"{""rain"":44.98,""heat"":13.78,""dry"":0}",0,BN4;BN5;BN9;BN13;BN14;BN15;BN16,false,false
12-2025-12-14,12,Oslo,OS,2025-12-14,2025-12-16,3,2025-12-15,97.54098360655738,heat,"{""rain"":10.23,""heat"":8.86,""dry"":0}",0,O17;O5;O4;O11;O12;O15;O16,false,false
13-2025-12-14,13,Oslo,OS,2025-12-14,2025-12-16,3,2025-12-15,97.54098360655738,heat,"{""rain"":10.1,""heat"":8.78,""dry"":0}",0,O18,false,false
15-2025-12-14,15,Oslo,OS,2025-12-14,2025-12-16,3,2025-12-15,97.54098360655738,heat,"{""rain"":10.1,""heat"":8.78,""dry"":0}",0,O6,false,false
16-2025-12-14,16,Oslo,OS,2025-12-14,2025-12-16,3,2025-12-15,97.54098360655738,heat,"{""rain"":10.23,""heat"":8.86,""dry"":0}",0,O7;O8,false,false
12-2026-06-09,12,Oslo,OS,2026-06-09,2026-06-11,3,2026-06-10,97.54098360655738,rain,"{""rain"":30.61,""heat"":16.18,""dry"":0}",0,O17;O5;O4;O11;O12;O15;O16,false,false
2-2026-07-15,2,Benevento,BE,2026-07-15,2026-07-17,3,2026-07-17,97.54098360655738,heat,"{""rain"":0,""heat"":36.62,""dry"":5}",0,BN20,false,false
3-2026-08-24,3,Coimbra,CO,2026-08-24,2026-08-26,3,2026-08-26,97.54098360655738,rain,"{""rain"":28.74,""heat"":22.04,""dry"":0}",0,C1;C2;C3;C4;C5;C6;C8;C9;C10;C11;C12;C16;C18;C20,false,true
13-2026-01-14,13,Oslo,OS,2026-01-14,2026-01-16,3,2026-01-15,97.5,rain,"{""rain"":28.03,""heat"":0.79,""dry"":0}",0,O18,false,false
14-2026-01-14,14,Oslo,OS,2026-01-14,2026-01-16,3,2026-01-16,97.5,rain,"{""rain"":36.09,""heat"":3.4,""dry"":0}",0,O19,false,false
15-2026-01-14,15,Oslo,OS,2026-01-14,2026-01-16,3,2026-01-15,97.5,rain,"{""rain"":28.03,""heat"":0.79,""dry"":0}",0,O6,false,false
0-2025-06-15,0,Benevento,BE,2025-06-15,2025-06-17,3,2025-06-17,97.1311475409836,dry,"{""rain"":1.67,""heat"":30.2,""dry"":19}",0,BN1;BN2;BN3;BN6;BN7;BN8;BN10;BN11;BN12;BN17;BN18;BN19,false,false
1-2025-06-15,1,Benevento,BE,2025-06-15,2025-06-17,3,2025-06-17,97.1311475409836,dry,"{""rain"":1.67,""heat"":30.2,""dry"":19}",0,BN4;BN5;BN9;BN13;BN14;BN15;BN16,false,false
2-2026-04-12,2,Benevento,BE,2026-04-12,2026-04-14,3,2026-04-14,97.1311475409836,dry,"{""rain"":1.26,""heat"":20.38,""dry"":12}",0,BN20,false,false
12-2025-08-13,12,Oslo,OS,2025-08-13,2025-08-15,3,2025-08-14,96.72131147540983,heat,"{""rain"":9.73,""heat"":24.9,""dry"":0}",0,O17;O5;O4;O11;O12;O15;O16,false,false
16-2025-08-13,16,Oslo,OS,2025-08-13,2025-08-15,3,2025-08-14,96.72131147540983,heat,"{""rain"":9.73,""heat"":24.9,""dry"":0}",0,O7;O8,false,false
11-2026-05-07,11,Oslo,OS,2026-05-07,2026-05-09,3,2026-05-09,96.72131147540983,dry,"{""rain"":0.06,""heat"":14.16,""dry"":14}",0,O1;O2;O3;O9;O10;O13;O14;O20,false,false
6-2026-08-24,6,Coimbra,CO,2026-08-24,2026-08-26,3,2026-08-26,96.72131147540983,rain,"{""rain"":28.74,""heat"":22.04,""dry"":0}",0,C17,false,true
17-2026-01-31,17,Toulouse,TO,2026-01-31,2026-02-02,3,2026-02-02,96.69421487603306,rain,"{""rain"":25.54,""heat"":14.5,""dry"":0}",0,T1;T3;T2;T5;T6;T7;T8;T15;T13;T14;T4,false,false
18-2026-01-31,18,Toulouse,TO,2026-01-31,2026-02-02,3,2026-02-02,96.69421487603306,rain,"{""rain"":25.65,""heat"":14.44,""dry"":0}",0,T10;T11,false,false
19-2026-01-31,19,Toulouse,TO,2026-01-31,2026-02-02,3,2026-02-02,96.69421487603306,rain,"{""rain"":25.54,""heat"":14.5,""dry"":0}",0,T21;T24;T9;T12;T17;T18;T19;T20;T16;T22,false,false
20-2026-01-31,20,Toulouse,TO,2026-01-31,2026-02-02,3,2026-02-02,96.69421487603306,rain,"{""rain"":25.54,""heat"":14.5,""dry"":0}",0,T25,false,false
17-2025-01-27,17,Toulouse,TO,2025-01-27,2025-01-29,3,2025-01-27,96.66666666666667,rain,"{""rain"":20.79,""heat"":13.21,""dry"":0}",0,T1;T3;T2;T5;T6;T7;T8;T15;T13;T14;T4,false,false
19-2025-01-27,19,Toulouse,TO,2025-01-27,2025-01-29,3,2025-01-27,96.66666666666667,rain,"{""rain"":20.79,""heat"":13.21,""dry"":0}",0,T21;T24;T9;T12;T17;T18;T19;T20;T16;T22,false,false
20-2025-01-27,20,Toulouse,TO,2025-01-27,2025-01-29,3,2025-01-27,96.66666666666667,rain,"{""rain"":20.79,""heat"":13.21,""dry"":0}",0,T25,false,false
0-2026-01-05,0,Benevento,BE,2026-01-05,2026-01-07,3,2026-01-06,96.66666666666667,rain,"{""rain"":53.63,""heat"":12.03,""dry"":0}",0,BN1;BN2;BN3;BN6;BN7;BN8;BN10;BN11;BN12;BN17;BN18;BN19,false,false
1-2026-01-05,1,Benevento,BE,2026-01-05,2026-01-07,3,2026-01-06,96.66666666666667,rain,"{""rain"":53.63,""heat"":12.03,""dry"":0}",0,BN4;BN5;BN9;BN13;BN14;BN15;BN16,false,false
17-2025-08-31,17,Toulouse,TO,2025-08-31,2025-09-02,3,2025-08-31,95.90163934426229,rain,"{""rain"":23.13,""heat"":29.72,""dry"":0}",0,T1;T3;T2;T5;T6;T7;T8;T15;T13;T14;T4,false,false
19-2025-08-31,19,Toulouse,TO,2025-08-31,2025-09-02,3,2025-08-31,95.90163934426229,rain,"{""rain"":23.13,""heat"":29.72,""dry"":0}",0,T21;T24;T9;T12;T17;T18;T19;T20;T16;T22,false,false
20-2025-08-31,20,Toulouse,TO,2025-08-31,2025-09-02,3,2025-08-31,95.90163934426229,rain,"{""rain"":23.13,""heat"":29.72,""dry"":0}",0,T25,false,false
3-2026-07-25,3,Coimbra,CO,2026-07-25,2026-07-27,3,2026-07-27,95.90163934426229,heat,"{""rain"":0.94,""heat"":35.14,""dry"":3}",0,C1;C2;C3;C4;C5;C6;C8;C9;C10;C11;C12;C16;C18;C20,false,false
1-2026-05-15,1,Benevento,BE,2026-05-15,2026-05-17,3,2026-05-15,95.08196721311475,rain,"{""rain"":46.74,""heat"":19.52,""dry"":0}",0,BN4;BN5;BN9;BN13;BN14;BN15;BN16,false,false
18-2025-06-03,18,Toulouse,TO,2025-06-03,2025-06-04,2,2025-06-04,100,rain,"{""rain"":40.91,""heat"":21.83,""dry"":0}",0,T10;T11,false,false
9-2025-06-12,9,Ghent,GH,2025-06-12,2025-06-13,2,2025-06-13,100,heat,"{""rain"":1.05,""heat"":30.72,""dry"":0}",0,G6;G8;G10;G22;G11;G12;G4;G21;G5;G3,false,false
10-2025-06-12,10,Ghent,GH,2025-06-12,2025-06-13,2,2025-06-13,100,heat,"{""rain"":1.05,""heat"":30.72,""dry"":0}",0,G2;G9;G7,false,false
3-2025-06-16,3,Coimbra,CO,2025-06-16,2025-06-17,2,2025-06-16,100,heat,"{""rain"":0.02,""heat"":32.97,""dry"":4}",0,C1;C2;C3;C4;C5;C6;C8;C9;C10;C11;C12;C16;C18;C20,false,false
4-2025-06-16,4,Coimbra,CO,2025-06-16,2025-06-17,2,2025-06-16,100,heat,"{""rain"":0.01,""heat"":32.83,""dry"":4}",0,C13,false,false
5-2025-06-16,5,Coimbra,CO,2025-06-16,2025-06-17,2,2025-06-16,100,heat,"{""rain"":0.01,""heat"":32.83,""dry"":4}",0,C14;C15,false,false
12-2025-12-18,12,Oslo,OS,2025-12-18,2025-12-19,2,2025-12-19,100,heat,"{""rain"":19.2,""heat"":9.25,""dry"":0}",0,O17;O5;O4;O11;O12;O15;O16,false,false
13-2025-12-18,13,Oslo,OS,2025-12-18,2025-12-19,2,2025-12-19,100,heat,"{""rain"":19.51,""heat"":9.07,""dry"":0}",0,O18,false,false
15-2025-12-18,15,Oslo,OS,2025-12-18,2025-12-19,2,2025-12-19,100,heat,"{""rain"":19.51,""heat"":9.07,""dry"":0}",0,O6,false,false
16-2025-12-18,16,Oslo,OS,2025-12-18,2025-12-19,2,2025-12-19,100,heat,"{""rain"":19.2,""heat"":9.25,""dry"":0}",0,O7;O8,false,false
8-2026-01-09,8,Ghent,GH,2026-01-09,2026-01-10,2,2026-01-09,100,rain,"{""rain"":35.14,""heat"":7.69,""dry"":0}",0,G13;G14;G15;G16;G17;G18;G1;G19;G20,false,false
9-2026-01-09,9,Ghent,GH,2026-01-09,2026-01-10,2,2026-01-09,100,rain,"{""rain"":36.04,""heat"":7.95,""dry"":0}",0,G6;G8;G10;G22;G11;G12;G4;G21;G5;G3,false,false
10-2026-01-09,10,Ghent,GH,2026-01-09,2026-01-10,2,2026-01-09,100,rain,"{""rain"":36.04,""heat"":7.95,""dry"":0}",0,G2;G9;G7,false,false
8-2026-02-25,8,Ghent,GH,2026-02-25,2026-02-26,2,2026-02-25,100,heat,"{""rain"":3.53,""heat"":18.25,""dry"":2}",0,G13;G14;G15;G16;G17;G18;G1;G19;G20,false,false
9-2026-02-25,9,Ghent,GH,2026-02-25,2026-02-26,2,2026-02-25,100,heat,"{""rain"":3.53,""heat"":18.25,""dry"":2}",0,G6;G8;G10;G22;G11;G12;G4;G21;G5;G3,false,false
10-2026-02-25,10,Ghent,GH,2026-02-25,2026-02-26,2,2026-02-25,100,heat,"{""rain"":4.48,""heat"":18.14,""dry"":2}",0,G2;G9;G7,false,false
14-2026-03-13,14,Oslo,OS,2026-03-13,2026-03-14,2,2026-03-13,100,rain,"{""rain"":32.6,""heat"":5.11,""dry"":0}",0,O19,false,false
4-2026-04-29,4,Coimbra,CO,2026-04-29,2026-04-30,2,2026-04-30,100,rain,"{""rain"":32.87,""heat"":18.56,""dry"":0}",0,C13,false,false
3-2026-05-26,3,Coimbra,CO,2026-05-26,2026-05-27,2,2026-05-26,100,heat,"{""rain"":0.77,""heat"":33.38,""dry"":3}",0,C1;C2;C3;C4;C5;C6;C8;C9;C10;C11;C12;C16;C18;C20,false,false
4-2026-05-26,4,Coimbra,CO,2026-05-26,2026-05-27,2,2026-05-26,100,heat,"{""rain"":1.05,""heat"":33.51,""dry"":2}",0,C13,false,false
5-2026-05-26,5,Coimbra,CO,2026-05-26,2026-05-27,2,2026-05-26,100,heat,"{""rain"":0.77,""heat"":33.38,""dry"":3}",0,C14;C15,false,false
6-2026-05-26,6,Coimbra,CO,2026-05-26,2026-05-27,2,2026-05-27,100,heat,"{""rain"":0.47,""heat"":34.25,""dry"":4}",0,C17,false,false
7-2026-05-26,7,Coimbra,CO,2026-05-26,2026-05-27,2,2026-05-27,100,heat,"{""rain"":0.47,""heat"":34.25,""dry"":4}",0,C7;C19,false,false
8-2026-06-18,8,Ghent,GH,2026-06-18,2026-06-19,2,2026-06-19,100,heat,"{""rain"":4.56,""heat"":32.92,""dry"":0}",0,G13;G14;G15;G16;G17;G18;G1;G19;G20,false,false
9-2026-06-18,9,Ghent,GH,2026-06-18,2026-06-19,2,2026-06-18,100,heat,"{""rain"":2.01,""heat"":30.24,""dry"":0}",0,G6;G8;G10;G22;G11;G12;G4;G21;G5;G3,false,false
14-2026-07-10,14,Oslo,OS,2026-07-10,2026-07-11,2,2026-07-10,100,heat,"{""rain"":1.48,""heat"":29.31,""dry"":1}",0,O19,false,false
15-2026-07-10,15,Oslo,OS,2026-07-10,2026-07-11,2,2026-07-10,100,heat,"{""rain"":1.42,""heat"":30.15,""dry"":1}",0,O6,false,false
16-2026-07-10,16,Oslo,OS,2026-07-10,2026-07-11,2,2026-07-10,100,heat,"{""rain"":1.42,""heat"":30.15,""dry"":1}",0,O7;O8,false,false
17-2026-07-14,17,Toulouse,TO,2026-07-14,2026-07-15,2,2026-07-14,100,heat,"{""rain"":0,""heat"":38.81,""dry"":4}",0,T1;T3;T2;T5;T6;T7;T8;T15;T13;T14;T4,false,false
18-2026-07-14,18,Toulouse,TO,2026-07-14,2026-07-15,2,2026-07-14,100,heat,"{""rain"":0,""heat"":38.44,""dry"":4}",0,T10;T11,false,false
19-2026-07-14,19,Toulouse,TO,2026-07-14,2026-07-15,2,2026-07-14,100,heat,"{""rain"":0,""heat"":38.44,""dry"":4}",0,T21;T24;T9;T12;T17;T18;T19;T20;T16;T22,false,false
20-2026-07-14,20,Toulouse,TO,2026-07-14,2026-07-15,2,2026-07-14,100,heat,"{""rain"":0,""heat"":38.57,""dry"":4}",0,T25,false,false
18-2026-07-19,18,Toulouse,TO,2026-07-19,2026-07-20,2,2026-07-20,100,heat,"{""rain"":1.51,""heat"":37.15,""dry"":4}",0,T10;T11,false,false
20-2026-07-19,20,Toulouse,TO,2026-07-19,2026-07-20,2,2026-07-20,100,heat,"{""rain"":3.93,""heat"":37.17,""dry"":0}",0,T25,false,false
8-2026-07-28,8,Ghent,GH,2026-07-28,2026-07-29,2,2026-07-29,100,heat,"{""rain"":0.35,""heat"":34.41,""dry"":3}",0,G13;G14;G15;G16;G17;G18;G1;G19;G20,false,false
9-2026-07-28,9,Ghent,GH,2026-07-28,2026-07-29,2,2026-07-29,100,heat,"{""rain"":0.35,""heat"":34.41,""dry"":3}",0,G6;G8;G10;G22;G11;G12;G4;G21;G5;G3,false,false
10-2026-07-28,10,Ghent,GH,2026-07-28,2026-07-29,2,2026-07-29,100,heat,"{""rain"":0.16,""heat"":34.34,""dry"":3}",0,G2;G9;G7,false,false
20-2026-08-02,20,Toulouse,TO,2026-08-02,2026-08-03,2,2026-08-03,100,rain,"{""rain"":53.01,""heat"":31.91,""dry"":0}",0,T25,false,true
1-2026-08-28,1,Benevento,BE,2026-08-28,2026-08-29,2,2026-08-28,100,heat,"{""rain"":null,""heat"":37.72,""dry"":null}",2,BN4;BN5;BN9;BN13;BN14;BN15;BN16,true,false
8-2025-06-12,8,Ghent,GH,2025-06-12,2025-06-13,2,2025-06-13,99.59016393442623,heat,"{""rain"":0.58,""heat"":30.4,""dry"":3}",0,G13;G14;G15;G16;G17;G18;G1;G19;G20,false,false
18-2025-06-10,18,Toulouse,TO,2025-06-10,2025-06-11,2,2025-06-11,99.18032786885246,heat,"{""rain"":0,""heat"":33.6,""dry"":4}",0,T10;T11,false,false
11-2025-08-17,11,Oslo,OS,2025-08-17,2025-08-18,2,2025-08-18,99.18032786885246,heat,"{""rain"":0,""heat"":25.11,""dry"":4}",0,O1;O2;O3;O9;O10;O13;O14;O20,false,false
17-2025-08-21,17,Toulouse,TO,2025-08-21,2025-08-22,2,2025-08-21,99.18032786885246,rain,"{""rain"":32.65,""heat"":22.84,""dry"":0}",0,T1;T3;T2;T5;T6;T7;T8;T15;T13;T14;T4,false,false
19-2025-08-21,19,Toulouse,TO,2025-08-21,2025-08-22,2,2025-08-21,99.18032786885246,rain,"{""rain"":32.65,""heat"":22.84,""dry"":0}",0,T21;T24;T9;T12;T17;T18;T19;T20;T16;T22,false,false
20-2025-08-21,20,Toulouse,TO,2025-08-21,2025-08-22,2,2025-08-21,99.18032786885246,rain,"{""rain"":32.65,""heat"":22.84,""dry"":0}",0,T25,false,false
11-2025-11-20,11,Oslo,OS,2025-11-20,2025-11-21,2,2025-11-21,99.18032786885246,dry,"{""rain"":0.29,""heat"":-3.76,""dry"":9}",0,O1;O2;O3;O9;O10;O13;O14;O20,false,false
10-2026-05-28,10,Ghent,GH,2026-05-28,2026-05-29,2,2026-05-29,99.18032786885246,heat,"{""rain"":0.32,""heat"":30.02,""dry"":9}",0,G2;G9;G7,false,false
11-2026-06-05,11,Oslo,OS,2026-06-05,2026-06-06,2,2026-06-05,99.18032786885246,rain,"{""rain"":36.56,""heat"":16.05,""dry"":0}",0,O1;O2;O3;O9;O10;O13;O14;O20,false,false
15-2026-06-05,15,Oslo,OS,2026-06-05,2026-06-06,2,2026-06-05,99.18032786885246,rain,"{""rain"":34.34,""heat"":16.31,""dry"":0}",0,O6,false,false
16-2026-06-05,16,Oslo,OS,2026-06-05,2026-06-06,2,2026-06-05,99.18032786885246,rain,"{""rain"":34.34,""heat"":16.31,""dry"":0}",0,O7;O8,false,false
11-2026-07-10,11,Oslo,OS,2026-07-10,2026-07-11,2,2026-07-10,99.18032786885246,heat,"{""rain"":1.26,""heat"":28.68,""dry"":1}",0,O1;O2;O3;O9;O10;O13;O14;O20,false,false
20-2026-07-23,20,Toulouse,TO,2026-07-23,2026-07-24,2,2026-07-24,99.18032786885246,heat,"{""rain"":0.03,""heat"":38.66,""dry"":4}",0,T25,false,false
8-2026-08-02,8,Ghent,GH,2026-08-02,2026-08-03,2,2026-08-03,99.18032786885246,heat,"{""rain"":0,""heat"":32.23,""dry"":3}",0,G13;G14;G15;G16;G17;G18;G1;G19;G20,false,true
10-2026-08-02,10,Ghent,GH,2026-08-02,2026-08-03,2,2026-08-03,99.18032786885246,heat,"{""rain"":0,""heat"":32.81,""dry"":4}",0,G2;G9;G7,false,true
17-2026-08-02,17,Toulouse,TO,2026-08-02,2026-08-03,2,2026-08-03,99.18032786885246,rain,"{""rain"":33.08,""heat"":32.09,""dry"":0}",0,T1;T3;T2;T5;T6;T7;T8;T15;T13;T14;T4,false,true
18-2025-01-01,18,Toulouse,TO,2025-01-01,2025-01-02,2,2025-01-02,98.70689655172414,dry,"{""rain"":0.46,""heat"":10.95,""dry"":9}",0,T10;T11,true,false
17-2025-01-01,17,Toulouse,TO,2025-01-01,2025-01-02,2,2025-01-02,98.69565217391305,dry,"{""rain"":0.78,""heat"":10.4,""dry"":9}",0,T1;T3;T2;T5;T6;T7;T8;T15;T13;T14;T4,true,false
19-2025-01-01,19,Toulouse,TO,2025-01-01,2025-01-02,2,2025-01-02,98.69565217391305,dry,"{""rain"":0.78,""heat"":10.4,""dry"":9}",0,T21;T24;T9;T12;T17;T18;T19;T20;T16;T22,true,false
20-2025-01-01,20,Toulouse,TO,2025-01-01,2025-01-02,2,2025-01-02,98.69565217391305,dry,"{""rain"":0.78,""heat"":10.4,""dry"":9}",0,T25,true,false
6-2025-07-03,6,Coimbra,CO,2025-07-03,2025-07-04,2,2025-07-03,98.36065573770492,heat,"{""rain"":0,""heat"":34.77,""dry"":4}",0,C17,false,false
17-2025-08-15,17,Toulouse,TO,2025-08-15,2025-08-16,2,2025-08-15,98.36065573770492,heat,"{""rain"":1.84,""heat"":38.84,""dry"":2}",0,T1;T3;T2;T5;T6;T7;T8;T15;T13;T14;T4,false,false
18-2025-08-15,18,Toulouse,TO,2025-08-15,2025-08-16,2,2025-08-15,98.36065573770492,heat,"{""rain"":1.5,""heat"":38.77,""dry"":2}",0,T10;T11,false,false
19-2025-08-15,19,Toulouse,TO,2025-08-15,2025-08-16,2,2025-08-15,98.36065573770492,heat,"{""rain"":1.84,""heat"":38.84,""dry"":2}",0,T21;T24;T9;T12;T17;T18;T19;T20;T16;T22,false,false
20-2025-08-15,20,Toulouse,TO,2025-08-15,2025-08-16,2,2025-08-15,98.36065573770492,heat,"{""rain"":1.84,""heat"":38.84,""dry"":2}",0,T25,false,false
14-2025-08-17,14,Oslo,OS,2025-08-17,2025-08-18,2,2025-08-18,98.36065573770492,heat,"{""rain"":0,""heat"":25.18,""dry"":4}",0,O19,false,false
7-2025-11-01,7,Coimbra,CO,2025-11-01,2025-11-02,2,2025-11-01,98.36065573770492,rain,"{""rain"":73.25,""heat"":17.72,""dry"":0}",0,C7;C19,false,false
20-2026-04-05,20,Toulouse,TO,2026-04-05,2026-04-06,2,2026-04-06,98.36065573770492,heat,"{""rain"":0.01,""heat"":27.16,""dry"":4}",0,T25,false,false
17-2026-04-13,17,Toulouse,TO,2026-04-13,2026-04-14,2,2026-04-13,98.36065573770492,rain,"{""rain"":27.45,""heat"":13.37,""dry"":0}",0,T1;T3;T2;T5;T6;T7;T8;T15;T13;T14;T4,false,false
17-2026-07-28,17,Toulouse,TO,2026-07-28,2026-07-29,2,2026-07-29,98.36065573770492,heat,"{""rain"":0.03,""heat"":39.86,""dry"":4}",0,T1;T3;T2;T5;T6;T7;T8;T15;T13;T14;T4,false,false
18-2026-07-28,18,Toulouse,TO,2026-07-28,2026-07-29,2,2026-07-29,98.36065573770492,heat,"{""rain"":0.01,""heat"":40,""dry"":4}",0,T10;T11,false,false
19-2026-07-28,19,Toulouse,TO,2026-07-28,2026-07-29,2,2026-07-29,98.36065573770492,heat,"{""rain"":0.01,""heat"":40,""dry"":4}",0,T21;T24;T9;T12;T17;T18;T19;T20;T16;T22,false,false
20-2026-07-28,20,Toulouse,TO,2026-07-28,2026-07-29,2,2026-07-29,98.36065573770492,heat,"{""rain"":0.1,""heat"":40.35,""dry"":4}",0,T25,false,false
2-2026-08-01,2,Benevento,BE,2026-08-01,2026-08-02,2,2026-08-02,98.36065573770492,heat,"{""rain"":1.84,""heat"":36.92,""dry"":0}",0,BN20,false,false
17-2026-08-08,17,Toulouse,TO,2026-08-08,2026-08-09,2,2026-08-09,98.36065573770492,heat,"{""rain"":1.34,""heat"":38.42,""dry"":0}",1,T1;T3;T2;T5;T6;T7;T8;T15;T13;T14;T4,false,false
18-2026-08-08,18,Toulouse,TO,2026-08-08,2026-08-09,2,2026-08-09,98.36065573770492,heat,"{""rain"":1.55,""heat"":38.01,""dry"":0}",1,T10;T11,false,false
14-2026-08-25,14,Oslo,OS,2026-08-25,2026-08-26,2,2026-08-26,98.36065573770492,heat,"{""rain"":0,""heat"":24.11,""dry"":4}",0,O19,false,true
15-2026-08-25,15,Oslo,OS,2026-08-25,2026-08-26,2,2026-08-26,98.36065573770492,heat,"{""rain"":0,""heat"":25.13,""dry"":4}",0,O6,false,true
16-2026-08-25,16,Oslo,OS,2026-08-25,2026-08-26,2,2026-08-26,98.36065573770492,heat,"{""rain"":0,""heat"":25.13,""dry"":4}",0,O7;O8,false,true
13-2025-12-01,13,Oslo,OS,2025-12-01,2025-12-02,2,2025-12-02,98.34710743801652,rain,"{""rain"":31.45,""heat"":6.04,""dry"":0}",0,O18,false,false
15-2025-12-01,15,Oslo,OS,2025-12-01,2025-12-02,2,2025-12-02,98.34710743801652,rain,"{""rain"":31.45,""heat"":6.04,""dry"":0}",0,O6,false,false
6-2026-02-22,6,Coimbra,CO,2026-02-22,2026-02-23,2,2026-02-23,98.34710743801652,heat,"{""rain"":0,""heat"":23.64,""dry"":5}",0,C17,false,false
15-2026-03-03,15,Oslo,OS,2026-03-03,2026-03-04,2,2026-03-04,98.34710743801652,heat,"{""rain"":1.26,""heat"":9.34,""dry"":2}",0,O6,false,false
11-2026-03-13,11,Oslo,OS,2026-03-13,2026-03-14,2,2026-03-13,98.34710743801652,rain,"{""rain"":30.47,""heat"":4.88,""dry"":0}",0,O1;O2;O3;O9;O10;O13;O14;O20,false,false
12-2026-03-13,12,Oslo,OS,2026-03-13,2026-03-14,2,2026-03-13,98.34710743801652,rain,"{""rain"":30.47,""heat"":4.88,""dry"":0}",0,O17;O5;O4;O11;O12;O15;O16,false,false
13-2026-03-13,13,Oslo,OS,2026-03-13,2026-03-14,2,2026-03-13,98.34710743801652,rain,"{""rain"":30.47,""heat"":4.88,""dry"":0}",0,O18,false,false
15-2026-03-13,15,Oslo,OS,2026-03-13,2026-03-14,2,2026-03-13,98.34710743801652,rain,"{""rain"":28.36,""heat"":5.34,""dry"":0}",0,O6,false,false
16-2026-03-13,16,Oslo,OS,2026-03-13,2026-03-14,2,2026-03-13,98.34710743801652,rain,"{""rain"":28.36,""heat"":5.34,""dry"":0}",0,O7;O8,false,false
8-2026-03-23,8,Ghent,GH,2026-03-23,2026-03-24,2,2026-03-24,97.93388429752066,dry,"{""rain"":0.01,""heat"":15.73,""dry"":8}",0,G13;G14;G15;G16;G17;G18;G1;G19;G20,false,false
11-2025-04-02,11,Oslo,OS,2025-04-02,2025-04-03,2,2025-04-03,97.54098360655738,heat,"{""rain"":0,""heat"":17.83,""dry"":4}",0,O1;O2;O3;O9;O10;O13;O14;O20,false,false
3-2025-07-03,3,Coimbra,CO,2025-07-03,2025-07-04,2,2025-07-04,97.54098360655738,heat,"{""rain"":0,""heat"":32.45,""dry"":22}",0,C1;C2;C3;C4;C5;C6;C8;C9;C10;C11;C12;C16;C18;C20,false,false
4-2025-07-03,4,Coimbra,CO,2025-07-03,2025-07-04,2,2025-07-03,97.54098360655738,heat,"{""rain"":0.01,""heat"":32.66,""dry"":21}",0,C13,false,false
5-2025-07-03,5,Coimbra,CO,2025-07-03,2025-07-04,2,2025-07-03,97.54098360655738,heat,"{""rain"":0.01,""heat"":32.66,""dry"":21}",0,C14;C15,false,false
7-2025-07-03,7,Coimbra,CO,2025-07-03,2025-07-04,2,2025-07-03,97.54098360655738,heat,"{""rain"":0.02,""heat"":34.54,""dry"":4}",0,C7;C19,false,false
11-2025-07-11,11,Oslo,OS,2025-07-11,2025-07-12,2,2025-07-11,97.54098360655738,heat,"{""rain"":0.31,""heat"":27.6,""dry"":4}",0,O1;O2;O3;O9;O10;O13;O14;O20,false,false
12-2025-07-11,12,Oslo,OS,2025-07-11,2025-07-12,2,2025-07-11,97.54098360655738,heat,"{""rain"":0.24,""heat"":28.5,""dry"":4}",0,O17;O5;O4;O11;O12;O15;O16,false,false
13-2025-07-11,13,Oslo,OS,2025-07-11,2025-07-12,2,2025-07-11,97.54098360655738,heat,"{""rain"":0.27,""heat"":28.17,""dry"":4}",0,O18,false,false
14-2025-07-11,14,Oslo,OS,2025-07-11,2025-07-12,2,2025-07-11,97.54098360655738,heat,"{""rain"":0.53,""heat"":27.71,""dry"":4}",0,O19,false,false
15-2025-07-11,15,Oslo,OS,2025-07-11,2025-07-12,2,2025-07-11,97.54098360655738,heat,"{""rain"":0.27,""heat"":28.17,""dry"":4}",0,O6,false,false
16-2025-07-11,16,Oslo,OS,2025-07-11,2025-07-12,2,2025-07-11,97.54098360655738,heat,"{""rain"":0.24,""heat"":28.5,""dry"":4}",0,O7;O8,false,false
12-2025-08-17,12,Oslo,OS,2025-08-17,2025-08-18,2,2025-08-18,97.54098360655738,heat,"{""rain"":0,""heat"":25.69,""dry"":4}",0,O17;O5;O4;O11;O12;O15;O16,false,false
16-2025-08-17,16,Oslo,OS,2025-08-17,2025-08-18,2,2025-08-18,97.54098360655738,heat,"{""rain"":0,""heat"":25.69,""dry"":4}",0,O7;O8,false,false
0-2025-08-30,0,Benevento,BE,2025-08-30,2025-08-31,2,2025-08-30,97.54098360655738,rain,"{""rain"":32.14,""heat"":23.71,""dry"":0}",0,BN1;BN2;BN3;BN6;BN7;BN8;BN10;BN11;BN12;BN17;BN18;BN19,false,false
1-2025-08-30,1,Benevento,BE,2025-08-30,2025-08-31,2,2025-08-30,97.54098360655738,rain,"{""rain"":32.14,""heat"":23.71,""dry"":0}",0,BN4;BN5;BN9;BN13;BN14;BN15;BN16,false,false
6-2025-11-01,6,Coimbra,CO,2025-11-01,2025-11-02,2,2025-11-01,97.54098360655738,rain,"{""rain"":69.14,""heat"":16.82,""dry"":0}",0,C17,false,false
17-2026-04-05,17,Toulouse,TO,2026-04-05,2026-04-06,2,2026-04-06,97.54098360655738,heat,"{""rain"":0,""heat"":25.89,""dry"":3}",0,T1;T3;T2;T5;T6;T7;T8;T15;T13;T14;T4,false,false
18-2026-04-05,18,Toulouse,TO,2026-04-05,2026-04-06,2,2026-04-06,97.54098360655738,heat,"{""rain"":0,""heat"":26.02,""dry"":3}",0,T10;T11,false,false
17-2026-05-05,17,Toulouse,TO,2026-05-05,2026-05-06,2,2026-05-05,97.54098360655738,rain,"{""rain"":24.71,""heat"":17.57,""dry"":0}",0,T1;T3;T2;T5;T6;T7;T8;T15;T13;T14;T4,false,false
12-2026-05-15,12,Oslo,OS,2026-05-15,2026-05-16,2,2026-05-16,97.54098360655738,rain,"{""rain"":32.25,""heat"":10.08,""dry"":0}",0,O17;O5;O4;O11;O12;O15;O16,false,false
13-2026-05-15,13,Oslo,OS,2026-05-15,2026-05-16,2,2026-05-16,97.54098360655738,rain,"{""rain"":32.25,""heat"":10.08,""dry"":0}",0,O18,false,false
14-2026-05-15,14,Oslo,OS,2026-05-15,2026-05-16,2,2026-05-16,97.54098360655738,rain,"{""rain"":28.83,""heat"":10.84,""dry"":0}",0,O19,false,false
15-2026-05-15,15,Oslo,OS,2026-05-15,2026-05-16,2,2026-05-16,97.54098360655738,rain,"{""rain"":30.88,""heat"":10.94,""dry"":0}",0,O6,false,false
11-2026-06-10,11,Oslo,OS,2026-06-10,2026-06-11,2,2026-06-10,97.54098360655738,rain,"{""rain"":30.61,""heat"":16.18,""dry"":0}",0,O1;O2;O3;O9;O10;O13;O14;O20,false,false
11-2026-06-27,11,Oslo,OS,2026-06-27,2026-06-28,2,2026-06-28,97.54098360655738,heat,"{""rain"":2.22,""heat"":27.44,""dry"":2}",0,O1;O2;O3;O9;O10;O13;O14;O20,false,false
14-2026-06-27,14,Oslo,OS,2026-06-27,2026-06-28,2,2026-06-27,97.54098360655738,heat,"{""rain"":2.21,""heat"":27.62,""dry"":1}",0,O19,false,false
15-2026-06-27,15,Oslo,OS,2026-06-27,2026-06-28,2,2026-06-27,97.54098360655738,heat,"{""rain"":1.43,""heat"":27.99,""dry"":1}",0,O6,false,false
12-2026-07-10,12,Oslo,OS,2026-07-10,2026-07-11,2,2026-07-10,97.54098360655738,heat,"{""rain"":1.26,""heat"":28.68,""dry"":1}",0,O17;O5;O4;O11;O12;O15;O16,false,false
13-2026-07-10,13,Oslo,OS,2026-07-10,2026-07-11,2,2026-07-10,97.54098360655738,heat,"{""rain"":1.26,""heat"":28.68,""dry"":1}",0,O18,false,false
0-2026-07-20,0,Benevento,BE,2026-07-20,2026-07-21,2,2026-07-20,97.54098360655738,heat,"{""rain"":1.17,""heat"":36.4,""dry"":8}",0,BN1;BN2;BN3;BN6;BN7;BN8;BN10;BN11;BN12;BN17;BN18;BN19,false,false
18-2026-08-02,18,Toulouse,TO,2026-08-02,2026-08-03,2,2026-08-03,97.54098360655738,rain,"{""rain"":25.13,""heat"":30.42,""dry"":0}",0,T10;T11,false,true
11-2026-08-25,11,Oslo,OS,2026-08-25,2026-08-26,2,2026-08-26,97.54098360655738,heat,"{""rain"":0,""heat"":23.6,""dry"":4}",0,O1;O2;O3;O9;O10;O13;O14;O20,false,true
11-2025-12-01,11,Oslo,OS,2025-12-01,2025-12-02,2,2025-12-02,97.52066115702479,rain,"{""rain"":32.06,""heat"":5.52,""dry"":0}",0,O1;O2;O3;O9;O10;O13;O14;O20,false,false
12-2025-12-01,12,Oslo,OS,2025-12-01,2025-12-02,2,2025-12-02,97.52066115702479,rain,"{""rain"":33.1,""heat"":6.39,""dry"":0}",0,O17;O5;O4;O11;O12;O15;O16,false,false
14-2025-12-01,14,Oslo,OS,2025-12-01,2025-12-02,2,2025-12-02,97.52066115702479,rain,"{""rain"":30.19,""heat"":5.61,""dry"":0}",0,O19,false,false
16-2025-12-01,16,Oslo,OS,2025-12-01,2025-12-02,2,2025-12-02,97.52066115702479,rain,"{""rain"":33.1,""heat"":6.39,""dry"":0}",0,O7;O8,false,false
14-2026-03-03,14,Oslo,OS,2026-03-03,2026-03-04,2,2026-03-03,97.52066115702479,heat,"{""rain"":5.52,""heat"":8.21,""dry"":1}",0,O19,false,false
2-2025-01-12,2,Benevento,BE,2025-01-12,2025-01-13,2,2025-01-13,97.5,rain,"{""rain"":44.5,""heat"":3.19,""dry"":0}",0,BN20,false,false
13-2025-01-24,13,Oslo,OS,2025-01-24,2025-01-25,2,2025-01-25,97.5,rain,"{""rain"":28.03,""heat"":4.85,""dry"":1}",0,O18,false,false
15-2025-01-24,15,Oslo,OS,2025-01-24,2025-01-25,2,2025-01-25,97.5,rain,"{""rain"":28.03,""heat"":4.85,""dry"":1}",0,O6,false,false
17-2026-01-19,17,Toulouse,TO,2026-01-19,2026-01-20,2,2026-01-20,97.5,rain,"{""rain"":25.99,""heat"":8.17,""dry"":0}",0,T1;T3;T2;T5;T6;T7;T8;T15;T13;T14;T4,false,false
19-2026-01-19,19,Toulouse,TO,2026-01-19,2026-01-20,2,2026-01-20,97.5,rain,"{""rain"":25.99,""heat"":8.17,""dry"":0}",0,T21;T24;T9;T12;T17;T18;T19;T20;T16;T22,false,false
20-2026-01-19,20,Toulouse,TO,2026-01-19,2026-01-20,2,2026-01-20,97.5,rain,"{""rain"":25.99,""heat"":8.17,""dry"":0}",0,T25,false,false
4-2025-01-02,4,Coimbra,CO,2025-01-02,2025-01-03,2,2025-01-03,97.1311475409836,dry,"{""rain"":0.03,""heat"":14.62,""dry"":15}",0,C13,false,false
5-2025-01-02,5,Coimbra,CO,2025-01-02,2025-01-03,2,2025-01-03,97.1311475409836,dry,"{""rain"":0.03,""heat"":14.62,""dry"":15}",0,C14;C15,false,false
3-2025-10-17,3,Coimbra,CO,2025-10-17,2025-10-18,2,2025-10-18,97.1311475409836,dry,"{""rain"":0.06,""heat"":26.95,""dry"":20}",0,C1;C2;C3;C4;C5;C6;C8;C9;C10;C11;C12;C16;C18;C20,false,false
4-2025-10-17,4,Coimbra,CO,2025-10-17,2025-10-18,2,2025-10-18,97.1311475409836,dry,"{""rain"":0.19,""heat"":26.71,""dry"":20}",0,C13,false,false
5-2025-10-17,5,Coimbra,CO,2025-10-17,2025-10-18,2,2025-10-18,97.1311475409836,dry,"{""rain"":0.19,""heat"":26.71,""dry"":20}",0,C14;C15,false,false
6-2025-10-17,6,Coimbra,CO,2025-10-17,2025-10-18,2,2025-10-18,97.1311475409836,dry,"{""rain"":0.65,""heat"":25.99,""dry"":20}",0,C17,false,false
7-2025-10-17,7,Coimbra,CO,2025-10-17,2025-10-18,2,2025-10-18,97.1311475409836,dry,"{""rain"":0.22,""heat"":26.69,""dry"":20}",0,C7;C19,false,false
18-2025-04-20,18,Toulouse,TO,2025-04-20,2025-04-21,2,2025-04-21,96.72131147540983,rain,"{""rain"":24.15,""heat"":17.79,""dry"":1}",0,T10;T11,false,false
0-2025-08-10,0,Benevento,BE,2025-08-10,2025-08-11,2,2025-08-10,96.72131147540983,heat,"{""rain"":0,""heat"":35.66,""dry"":13}",0,BN1;BN2;BN3;BN6;BN7;BN8;BN10;BN11;BN12;BN17;BN18;BN19,false,false
1-2025-08-10,1,Benevento,BE,2025-08-10,2025-08-11,2,2025-08-10,96.72131147540983,heat,"{""rain"":0,""heat"":35.66,""dry"":13}",0,BN4;BN5;BN9;BN13;BN14;BN15;BN16,false,false
13-2025-08-13,13,Oslo,OS,2025-08-13,2025-08-14,2,2025-08-14,96.72131147540983,heat,"{""rain"":9.97,""heat"":25.18,""dry"":0}",0,O18,false,false
14-2025-08-13,14,Oslo,OS,2025-08-13,2025-08-14,2,2025-08-14,96.72131147540983,heat,"{""rain"":8.83,""heat"":24.68,""dry"":0}",0,O19,false,false
15-2025-08-13,15,Oslo,OS,2025-08-13,2025-08-14,2,2025-08-14,96.72131147540983,heat,"{""rain"":9.97,""heat"":25.18,""dry"":0}",0,O6,false,false
13-2025-08-17,13,Oslo,OS,2025-08-17,2025-08-18,2,2025-08-18,96.72131147540983,heat,"{""rain"":0,""heat"":25.21,""dry"":4}",0,O18,false,false
15-2025-08-17,15,Oslo,OS,2025-08-17,2025-08-18,2,2025-08-18,96.72131147540983,heat,"{""rain"":0,""heat"":25.21,""dry"":4}",0,O6,false,false
5-2026-04-29,5,Coimbra,CO,2026-04-29,2026-04-30,2,2026-04-29,96.72131147540983,rain,"{""rain"":23.67,""heat"":18.04,""dry"":0}",0,C14;C15,false,false
13-2026-06-27,13,Oslo,OS,2026-06-27,2026-06-28,2,2026-06-28,96.72131147540983,heat,"{""rain"":2.22,""heat"":27.44,""dry"":2}",0,O18,false,false
16-2026-06-27,16,Oslo,OS,2026-06-27,2026-06-28,2,2026-06-27,96.72131147540983,heat,"{""rain"":1.43,""heat"":27.99,""dry"":1}",0,O7;O8,false,false
0-2026-06-28,0,Benevento,BE,2026-06-28,2026-06-29,2,2026-06-28,96.72131147540983,heat,"{""rain"":0.09,""heat"":35.68,""dry"":3}",0,BN1;BN2;BN3;BN6;BN7;BN8;BN10;BN11;BN12;BN17;BN18;BN19,false,false
1-2026-06-28,1,Benevento,BE,2026-06-28,2026-06-29,2,2026-06-29,96.72131147540983,heat,"{""rain"":1.24,""heat"":35.73,""dry"":0}",0,BN4;BN5;BN9;BN13;BN14;BN15;BN16,false,false
20-2026-06-29,20,Toulouse,TO,2026-06-29,2026-06-30,2,2026-06-29,96.72131147540983,rain,"{""rain"":31.79,""heat"":29.32,""dry"":0}",0,T25,false,false
1-2026-07-31,1,Benevento,BE,2026-07-31,2026-08-01,2,2026-07-31,96.72131147540983,heat,"{""rain"":0.3,""heat"":35.76,""dry"":4}",0,BN4;BN5;BN9;BN13;BN14;BN15;BN16,false,false
19-2026-08-08,19,Toulouse,TO,2026-08-08,2026-08-09,2,2026-08-09,96.72131147540983,heat,"{""rain"":1.55,""heat"":38.01,""dry"":0}",1,T21;T24;T9;T12;T17;T18;T19;T20;T16;T22,false,false
0-2026-08-10,0,Benevento,BE,2026-08-10,2026-08-11,2,2026-08-10,96.72131147540983,heat,"{""rain"":0.6,""heat"":35.69,""dry"":5}",0,BN1;BN2;BN3;BN6;BN7;BN8;BN10;BN11;BN12;BN17;BN18;BN19,false,false
11-2026-08-14,11,Oslo,OS,2026-08-14,2026-08-15,2,2026-08-14,96.72131147540983,heat,"{""rain"":2.13,""heat"":23.64,""dry"":0}",0,O1;O2;O3;O9;O10;O13;O14;O20,false,false
14-2026-08-14,14,Oslo,OS,2026-08-14,2026-08-15,2,2026-08-15,96.72131147540983,heat,"{""rain"":5.51,""heat"":24.12,""dry"":0}",0,O19,false,false
15-2026-08-14,15,Oslo,OS,2026-08-14,2026-08-15,2,2026-08-15,96.72131147540983,heat,"{""rain"":2.89,""heat"":24.78,""dry"":0}",0,O6,false,false
16-2026-08-14,16,Oslo,OS,2026-08-14,2026-08-15,2,2026-08-15,96.72131147540983,heat,"{""rain"":2.89,""heat"":24.78,""dry"":0}",0,O7;O8,false,false
5-2026-08-25,5,Coimbra,CO,2026-08-25,2026-08-26,2,2026-08-26,96.72131147540983,rain,"{""rain"":28.74,""heat"":22.04,""dry"":0}",0,C14;C15,false,true
7-2026-08-25,7,Coimbra,CO,2026-08-25,2026-08-26,2,2026-08-26,96.72131147540983,rain,"{""rain"":28.74,""heat"":22.04,""dry"":0}",0,C7;C19,false,true
2-2025-03-28,2,Benevento,BE,2025-03-28,2025-03-29,2,2025-03-29,96.69421487603306,rain,"{""rain"":32.44,""heat"":9.23,""dry"":0}",0,BN20,false,false
11-2026-03-03,11,Oslo,OS,2026-03-03,2026-03-04,2,2026-03-03,96.69421487603306,heat,"{""rain"":6.12,""heat"":7.31,""dry"":1}",0,O1;O2;O3;O9;O10;O13;O14;O20,false,false
6-2025-01-06,6,Coimbra,CO,2025-01-06,2025-01-07,2,2025-01-06,96.66666666666667,rain,"{""rain"":62.16,""heat"":11.59,""dry"":0}",0,C17,false,false
18-2025-01-28,18,Toulouse,TO,2025-01-28,2025-01-29,2,2025-01-28,96.66666666666667,rain,"{""rain"":23.45,""heat"":11.2,""dry"":0}",0,T10;T11,false,false
9-2025-05-22,9,Ghent,GH,2025-05-22,2025-05-23,2,2025-05-23,96.31147540983606,dry,"{""rain"":1.12,""heat"":15.34,""dry"":29}",0,G6;G8;G10;G22;G11;G12;G4;G21;G5;G3,false,false
10-2025-05-22,10,Ghent,GH,2025-05-22,2025-05-23,2,2025-05-23,96.31147540983606,dry,"{""rain"":1.12,""heat"":15.34,""dry"":29}",0,G2;G9;G7,false,false
13-2025-11-20,13,Oslo,OS,2025-11-20,2025-11-21,2,2025-11-21,96.31147540983606,dry,"{""rain"":0.31,""heat"":-3.04,""dry"":9}",0,O18,false,false
15-2025-11-20,15,Oslo,OS,2025-11-20,2025-11-21,2,2025-11-21,96.31147540983606,dry,"{""rain"":0.31,""heat"":-3.04,""dry"":9}",0,O6,false,false
11-2025-03-08,11,Oslo,OS,2025-03-08,2025-03-09,2,2025-03-09,96.28099173553719,dry,"{""rain"":0.36,""heat"":5.36,""dry"":12}",0,O1;O2;O3;O9;O10;O13;O14;O20,false,false
12-2025-03-08,12,Oslo,OS,2025-03-08,2025-03-09,2,2025-03-09,96.28099173553719,dry,"{""rain"":0.13,""heat"":6.12,""dry"":12}",0,O17;O5;O4;O11;O12;O15;O16,false,false
14-2025-03-08,14,Oslo,OS,2025-03-08,2025-03-09,2,2025-03-09,96.28099173553719,dry,"{""rain"":0.21,""heat"":5.63,""dry"":12}",0,O19,false,false
16-2025-03-08,16,Oslo,OS,2025-03-08,2025-03-09,2,2025-03-09,96.28099173553719,dry,"{""rain"":0.13,""heat"":6.12,""dry"":12}",0,O7;O8,false,false
2-2025-07-29,2,Benevento,BE,2025-07-29,2025-07-30,2,2025-07-29,95.90163934426229,rain,"{""rain"":10.93,""heat"":21.27,""dry"":0}",0,BN20,false,false
3-2025-07-29,3,Coimbra,CO,2025-07-29,2025-07-30,2,2025-07-29,95.90163934426229,heat,"{""rain"":0,""heat"":34.91,""dry"":9}",0,C1;C2;C3;C4;C5;C6;C8;C9;C10;C11;C12;C16;C18;C20,false,false
18-2025-08-21,18,Toulouse,TO,2025-08-21,2025-08-22,2,2025-08-21,95.90163934426229,rain,"{""rain"":28.3,""heat"":23.22,""dry"":0}",0,T10;T11,false,false
11-2025-09-15,11,Oslo,OS,2025-09-15,2025-09-16,2,2025-09-16,95.90163934426229,rain,"{""rain"":41.75,""heat"":14.46,""dry"":0}",0,O1;O2;O3;O9;O10;O13;O14;O20,false,false
3-2026-04-29,3,Coimbra,CO,2026-04-29,2026-04-30,2,2026-04-29,95.90163934426229,rain,"{""rain"":23.67,""heat"":18.04,""dry"":0}",0,C1;C2;C3;C4;C5;C6;C8;C9;C10;C11;C12;C16;C18;C20,false,false
6-2026-04-29,6,Coimbra,CO,2026-04-29,2026-04-30,2,2026-04-30,95.90163934426229,rain,"{""rain"":24.07,""heat"":19.22,""dry"":1}",0,C17,false,false
19-2026-08-02,19,Toulouse,TO,2026-08-02,2026-08-03,2,2026-08-02,95.90163934426229,heat,"{""rain"":0.28,""heat"":37.52,""dry"":8}",0,T21;T24;T9;T12;T17;T18;T19;T20;T16;T22,false,true
4-2025-01-06,4,Coimbra,CO,2025-01-06,2025-01-07,2,2025-01-07,95.83333333333333,rain,"{""rain"":49.16,""heat"":14.72,""dry"":1}",0,C13,false,false
5-2025-01-06,5,Coimbra,CO,2025-01-06,2025-01-07,2,2025-01-07,95.83333333333333,rain,"{""rain"":49.16,""heat"":14.72,""dry"":1}",0,C14;C15,false,false
14-2025-01-24,14,Oslo,OS,2025-01-24,2025-01-25,2,2025-01-24,95.83333333333333,rain,"{""rain"":27.47,""heat"":3.85,""dry"":0}",0,O19,false,false
14-2026-07-29,14,Oslo,OS,2026-07-29,2026-07-30,2,2026-07-29,95.49180327868852,dry,"{""rain"":1.46,""heat"":23.62,""dry"":4}",0,O19,false,false
0-2025-01-23,0,Benevento,BE,2025-01-23,2025-01-24,2,2025-01-23,95.08196721311475,heat,"{""rain"":2.9,""heat"":15.84,""dry"":2}",0,BN1;BN2;BN3;BN6;BN7;BN8;BN10;BN11;BN12;BN17;BN18;BN19,false,false
1-2025-01-23,1,Benevento,BE,2025-01-23,2025-01-24,2,2025-01-23,95.08196721311475,heat,"{""rain"":2.9,""heat"":15.84,""dry"":2}",0,BN4;BN5;BN9;BN13;BN14;BN15;BN16,false,false
9-2025-05-28,9,Ghent,GH,2025-05-28,2025-05-29,2,2025-05-28,95.08196721311475,rain,"{""rain"":23,""heat"":19.08,""dry"":0}",0,G6;G8;G10;G22;G11;G12;G4;G21;G5;G3,false,false
10-2025-05-28,10,Ghent,GH,2025-05-28,2025-05-29,2,2025-05-28,95.08196721311475,rain,"{""rain"":23,""heat"":19.08,""dry"":0}",0,G2;G9;G7,false,false
4-2025-07-29,4,Coimbra,CO,2025-07-29,2025-07-30,2,2025-07-29,95.08196721311475,heat,"{""rain"":0,""heat"":34.95,""dry"":9}",0,C13,false,false
5-2025-07-29,5,Coimbra,CO,2025-07-29,2025-07-30,2,2025-07-29,95.08196721311475,heat,"{""rain"":0,""heat"":34.95,""dry"":9}",0,C14;C15,false,false
4-2025-10-25,4,Coimbra,CO,2025-10-25,2025-10-26,2,2025-10-25,95.08196721311475,rain,"{""rain"":39.36,""heat"":17.58,""dry"":0}",0,C13,false,false
5-2025-10-25,5,Coimbra,CO,2025-10-25,2025-10-26,2,2025-10-25,95.08196721311475,rain,"{""rain"":39.36,""heat"":17.58,""dry"":0}",0,C14;C15,false,false
11-2025-11-03,11,Oslo,OS,2025-11-03,2025-11-04,2,2025-11-03,95.08196721311475,rain,"{""rain"":21.08,""heat"":7.13,""dry"":0}",0,O1;O2;O3;O9;O10;O13;O14;O20,false,false
12-2025-11-03,12,Oslo,OS,2025-11-03,2025-11-04,2,2025-11-03,95.08196721311475,rain,"{""rain"":23.86,""heat"":8.46,""dry"":0}",0,O17;O5;O4;O11;O12;O15;O16,false,false
16-2025-11-03,16,Oslo,OS,2025-11-03,2025-11-04,2,2025-11-03,95.08196721311475,rain,"{""rain"":23.86,""heat"":8.46,""dry"":0}",0,O7;O8,false,false
13-2026-08-14,13,Oslo,OS,2026-08-14,2026-08-15,2,2026-08-14,95.08196721311475,heat,"{""rain"":2.13,""heat"":23.64,""dry"":0}",0,O18,false,false
3-2025-01-06,3,Coimbra,CO,2025-01-06,2025-01-07,2,2025-01-06,95,rain,"{""rain"":48.7,""heat"":13.19,""dry"":0}",0,C1;C2;C3;C4;C5;C6;C8;C9;C10;C11;C12;C16;C18;C20,false,false
0-2025-01-12,0,Benevento,BE,2025-01-12,2025-01-13,2,2025-01-12,95,rain,"{""rain"":50.86,""heat"":4.84,""dry"":0}",0,BN1;BN2;BN3;BN6;BN7;BN8;BN10;BN11;BN12;BN17;BN18;BN19,false,false
1-2025-01-12,1,Benevento,BE,2025-01-12,2025-01-13,2,2025-01-12,95,rain,"{""rain"":50.86,""heat"":4.84,""dry"":0}",0,BN4;BN5;BN9;BN13;BN14;BN15;BN16,false,false
11-2025-01-24,11,Oslo,OS,2025-01-24,2025-01-25,2,2025-01-24,95,rain,"{""rain"":27.53,""heat"":3.54,""dry"":0}",0,O1;O2;O3;O9;O10;O13;O14;O20,false,false
12-2025-01-24,12,Oslo,OS,2025-01-24,2025-01-25,2,2025-01-24,95,rain,"{""rain"":27.83,""heat"":4.51,""dry"":0}",0,O17;O5;O4;O11;O12;O15;O16,false,false
16-2025-01-24,16,Oslo,OS,2025-01-24,2025-01-25,2,2025-01-24,95,rain,"{""rain"":27.83,""heat"":4.51,""dry"":0}",0,O7;O8,false,false
13-2025-02-05,13,Oslo,OS,2025-02-05,2025-02-05,1,2025-02-05,100,heat,"{""rain"":6.73,""heat"":7.39,""dry"":1}",0,O18,false,false
15-2025-02-05,15,Oslo,OS,2025-02-05,2025-02-05,1,2025-02-05,100,heat,"{""rain"":6.73,""heat"":7.39,""dry"":1}",0,O6,false,false
3-2025-05-29,3,Coimbra,CO,2025-05-29,2025-05-29,1,2025-05-29,100,heat,"{""rain"":0.61,""heat"":32.15,""dry"":10}",0,C1;C2;C3;C4;C5;C6;C8;C9;C10;C11;C12;C16;C18;C20,false,false
17-2025-06-04,17,Toulouse,TO,2025-06-04,2025-06-04,1,2025-06-04,100,rain,"{""rain"":43.78,""heat"":21.62,""dry"":0}",0,T1;T3;T2;T5;T6;T7;T8;T15;T13;T14;T4,false,false
19-2025-06-04,19,Toulouse,TO,2025-06-04,2025-06-04,1,2025-06-04,100,rain,"{""rain"":43.78,""heat"":21.62,""dry"":0}",0,T21;T24;T9;T12;T17;T18;T19;T20;T16;T22,false,false
20-2025-06-04,20,Toulouse,TO,2025-06-04,2025-06-04,1,2025-06-04,100,rain,"{""rain"":43.78,""heat"":21.62,""dry"":0}",0,T25,false,false
7-2025-06-09,7,Coimbra,CO,2025-06-09,2025-06-09,1,2025-06-09,100,heat,"{""rain"":0.03,""heat"":33.92,""dry"":11}",0,C7;C19,false,false
8-2025-06-21,8,Ghent,GH,2025-06-21,2025-06-21,1,2025-06-21,100,heat,"{""rain"":0,""heat"":31.42,""dry"":7}",0,G13;G14;G15;G16;G17;G18;G1;G19;G20,false,false
9-2025-06-21,9,Ghent,GH,2025-06-21,2025-06-21,1,2025-06-21,100,heat,"{""rain"":0,""heat"":31.47,""dry"":7}",0,G6;G8;G10;G22;G11;G12;G4;G21;G5;G3,false,false
10-2025-06-21,10,Ghent,GH,2025-06-21,2025-06-21,1,2025-06-21,100,heat,"{""rain"":0,""heat"":31.47,""dry"":7}",0,G2;G9;G7,false,false
0-2025-07-25,0,Benevento,BE,2025-07-25,2025-07-25,1,2025-07-25,100,heat,"{""rain"":0.02,""heat"":37.41,""dry"":17}",0,BN1;BN2;BN3;BN6;BN7;BN8;BN10;BN11;BN12;BN17;BN18;BN19,false,false
1-2025-07-25,1,Benevento,BE,2025-07-25,2025-07-25,1,2025-07-25,100,heat,"{""rain"":0.02,""heat"":37.41,""dry"":17}",0,BN4;BN5;BN9;BN13;BN14;BN15;BN16,false,false
18-2025-11-08,18,Toulouse,TO,2025-11-08,2025-11-08,1,2025-11-08,100,rain,"{""rain"":48.4,""heat"":13.49,""dry"":0}",0,T10;T11,false,false
19-2026-07-20,19,Toulouse,TO,2026-07-20,2026-07-20,1,2026-07-20,100,heat,"{""rain"":1.51,""heat"":37.15,""dry"":4}",0,T21;T24;T9;T12;T17;T18;T19;T20;T16;T22,false,false
0-2026-08-28,0,Benevento,BE,2026-08-28,2026-08-28,1,2026-08-28,100,heat,"{""rain"":null,""heat"":37.92,""dry"":null}",1,BN1;BN2;BN3;BN6;BN7;BN8;BN10;BN11;BN12;BN17;BN18;BN19,true,false
2-2026-08-28,2,Benevento,BE,2026-08-28,2026-08-28,1,2026-08-28,100,heat,"{""rain"":null,""heat"":37.92,""dry"":null}",1,BN20,true,false
4-2025-05-29,4,Coimbra,CO,2025-05-29,2025-05-29,1,2025-05-29,99.18032786885246,heat,"{""rain"":0.46,""heat"":32.47,""dry"":10}",0,C13,false,false
5-2025-05-29,5,Coimbra,CO,2025-05-29,2025-05-29,1,2025-05-29,99.18032786885246,heat,"{""rain"":0.46,""heat"":32.47,""dry"":10}",0,C14;C15,false,false
6-2025-05-29,6,Coimbra,CO,2025-05-29,2025-05-29,1,2025-05-29,99.18032786885246,heat,"{""rain"":1.2,""heat"":32.68,""dry"":0}",0,C17,false,false
7-2025-05-29,7,Coimbra,CO,2025-05-29,2025-05-29,1,2025-05-29,99.18032786885246,heat,"{""rain"":1.38,""heat"":32.97,""dry"":0}",0,C7;C19,false,false
8-2025-06-07,8,Ghent,GH,2025-06-07,2025-06-07,1,2025-06-07,99.18032786885246,rain,"{""rain"":26.95,""heat"":17.72,""dry"":0}",0,G13;G14;G15;G16;G17;G18;G1;G19;G20,false,false
3-2025-08-03,3,Coimbra,CO,2025-08-03,2025-08-03,1,2025-08-03,99.18032786885246,heat,"{""rain"":0,""heat"":35.76,""dry"":14}",0,C1;C2;C3;C4;C5;C6;C8;C9;C10;C11;C12;C16;C18;C20,false,false
4-2025-08-03,4,Coimbra,CO,2025-08-03,2025-08-03,1,2025-08-03,99.18032786885246,heat,"{""rain"":0,""heat"":35.58,""dry"":14}",0,C13,false,false
5-2025-08-03,5,Coimbra,CO,2025-08-03,2025-08-03,1,2025-08-03,99.18032786885246,heat,"{""rain"":0,""heat"":35.58,""dry"":14}",0,C14;C15,false,false
7-2026-04-10,7,Coimbra,CO,2026-04-10,2026-04-10,1,2026-04-10,99.18032786885246,heat,"{""rain"":0.58,""heat"":28.77,""dry"":3}",0,C7;C19,false,false
18-2026-07-24,18,Toulouse,TO,2026-07-24,2026-07-24,1,2026-07-24,99.18032786885246,heat,"{""rain"":0.12,""heat"":38.78,""dry"":8}",0,T10;T11,false,false
19-2026-07-24,19,Toulouse,TO,2026-07-24,2026-07-24,1,2026-07-24,99.18032786885246,heat,"{""rain"":0.12,""heat"":38.78,""dry"":8}",0,T21;T24;T9;T12;T17;T18;T19;T20;T16;T22,false,false
9-2026-08-03,9,Ghent,GH,2026-08-03,2026-08-03,1,2026-08-03,99.18032786885246,heat,"{""rain"":0,""heat"":32.23,""dry"":3}",0,G6;G8;G10;G22;G11;G12;G4;G21;G5;G3,false,true
3-2026-08-17,3,Coimbra,CO,2026-08-17,2026-08-17,1,2026-08-17,99.18032786885246,heat,"{""rain"":0.15,""heat"":37.29,""dry"":null}",1,C1;C2;C3;C4;C5;C6;C8;C9;C10;C11;C12;C16;C18;C20,false,false
4-2026-08-17,4,Coimbra,CO,2026-08-17,2026-08-17,1,2026-08-17,99.18032786885246,heat,"{""rain"":0.23,""heat"":36.9,""dry"":null}",1,C13,false,false
5-2026-08-17,5,Coimbra,CO,2026-08-17,2026-08-17,1,2026-08-17,99.18032786885246,heat,"{""rain"":0.15,""heat"":37.29,""dry"":null}",1,C14;C15,false,false
3-2026-09-03,3,Coimbra,CO,2026-09-03,2026-09-03,1,2026-09-03,99.18032786885246,heat,"{""rain"":0.06,""heat"":35.53,""dry"":null}",1,C1;C2;C3;C4;C5;C6;C8;C9;C10;C11;C12;C16;C18;C20,false,false
4-2026-09-03,4,Coimbra,CO,2026-09-03,2026-09-03,1,2026-09-03,99.18032786885246,heat,"{""rain"":0.02,""heat"":37.02,""dry"":null}",1,C13,false,false
5-2026-09-03,5,Coimbra,CO,2026-09-03,2026-09-03,1,2026-09-03,98.77049180327869,heat,"{""rain"":0.06,""heat"":35.53,""dry"":null}",1,C14;C15,false,false
9-2025-06-07,9,Ghent,GH,2025-06-07,2025-06-07,1,2025-06-07,98.36065573770492,rain,"{""rain"":26.8,""heat"":17.44,""dry"":0}",0,G6;G8;G10;G22;G11;G12;G4;G21;G5;G3,false,false
10-2025-06-07,10,Ghent,GH,2025-06-07,2025-06-07,1,2025-06-07,98.36065573770492,rain,"{""rain"":26.8,""heat"":17.44,""dry"":0}",0,G2;G9;G7,false,false
6-2025-06-09,6,Coimbra,CO,2025-06-09,2025-06-09,1,2025-06-09,98.36065573770492,heat,"{""rain"":0.1,""heat"":33.08,""dry"":11}",0,C17,false,false
2-2025-07-25,2,Benevento,BE,2025-07-25,2025-07-25,1,2025-07-25,98.36065573770492,heat,"{""rain"":0.02,""heat"":37.27,""dry"":8}",0,BN20,false,false
6-2025-08-03,6,Coimbra,CO,2025-08-03,2025-08-03,1,2025-08-03,98.36065573770492,heat,"{""rain"":0,""heat"":36.96,""dry"":14}",0,C17,false,false
7-2025-08-03,7,Coimbra,CO,2025-08-03,2025-08-03,1,2025-08-03,98.36065573770492,heat,"{""rain"":0,""heat"":37.36,""dry"":14}",0,C7;C19,false,false
13-2025-09-13,13,Oslo,OS,2025-09-13,2025-09-13,1,2025-09-13,98.36065573770492,rain,"{""rain"":46.04,""heat"":14.23,""dry"":0}",0,O18,false,false
15-2025-09-13,15,Oslo,OS,2025-09-13,2025-09-13,1,2025-09-13,98.36065573770492,rain,"{""rain"":46.04,""heat"":14.23,""dry"":0}",0,O6,false,false
17-2025-11-08,17,Toulouse,TO,2025-11-08,2025-11-08,1,2025-11-08,98.36065573770492,rain,"{""rain"":45.34,""heat"":13.21,""dry"":0}",0,T1;T3;T2;T5;T6;T7;T8;T15;T13;T14;T4,false,false
19-2025-11-08,19,Toulouse,TO,2025-11-08,2025-11-08,1,2025-11-08,98.36065573770492,rain,"{""rain"":45.34,""heat"":13.21,""dry"":0}",0,T21;T24;T9;T12;T17;T18;T19;T20;T16;T22,false,false
20-2025-11-08,20,Toulouse,TO,2025-11-08,2025-11-08,1,2025-11-08,98.36065573770492,rain,"{""rain"":45.34,""heat"":13.21,""dry"":0}",0,T25,false,false
3-2026-04-10,3,Coimbra,CO,2026-04-10,2026-04-10,1,2026-04-10,98.36065573770492,heat,"{""rain"":0.58,""heat"":28.77,""dry"":3}",0,C1;C2;C3;C4;C5;C6;C8;C9;C10;C11;C12;C16;C18;C20,false,false
5-2026-04-10,5,Coimbra,CO,2026-04-10,2026-04-10,1,2026-04-10,98.36065573770492,heat,"{""rain"":0.58,""heat"":28.77,""dry"":3}",0,C14;C15,false,false
6-2026-04-10,6,Coimbra,CO,2026-04-10,2026-04-10,1,2026-04-10,98.36065573770492,heat,"{""rain"":0.58,""heat"":28.77,""dry"":3}",0,C17,false,false
8-2026-07-06,8,Ghent,GH,2026-07-06,2026-07-06,1,2026-07-06,98.36065573770492,heat,"{""rain"":0.53,""heat"":29.76,""dry"":4}",0,G13;G14;G15;G16;G17;G18;G1;G19;G20,false,false
9-2026-07-06,9,Ghent,GH,2026-07-06,2026-07-06,1,2026-07-06,98.36065573770492,heat,"{""rain"":0.53,""heat"":29.76,""dry"":4}",0,G6;G8;G10;G22;G11;G12;G4;G21;G5;G3,false,false
10-2026-07-06,10,Ghent,GH,2026-07-06,2026-07-06,1,2026-07-06,98.36065573770492,heat,"{""rain"":0.56,""heat"":29.86,""dry"":4}",0,G2;G9;G7,false,false
6-2026-08-17,6,Coimbra,CO,2026-08-17,2026-08-17,1,2026-08-17,98.36065573770492,heat,"{""rain"":0.15,""heat"":37.29,""dry"":null}",1,C17,false,false
7-2026-08-17,7,Coimbra,CO,2026-08-17,2026-08-17,1,2026-08-17,98.36065573770492,heat,"{""rain"":0.15,""heat"":37.29,""dry"":null}",1,C7;C19,false,false
9-2026-08-19,9,Ghent,GH,2026-08-19,2026-08-19,1,2026-08-19,98.36065573770492,rain,"{""rain"":28.33,""heat"":19.27,""dry"":0}",0,G6;G8;G10;G22;G11;G12;G4;G21;G5;G3,false,false
17-2026-09-04,17,Toulouse,TO,2026-09-04,2026-09-04,1,2026-09-04,98.36065573770492,heat,"{""rain"":0,""heat"":38.33,""dry"":null}",1,T1;T3;T2;T5;T6;T7;T8;T15;T13;T14;T4,false,false
18-2026-09-04,18,Toulouse,TO,2026-09-04,2026-09-04,1,2026-09-04,98.36065573770492,heat,"{""rain"":0,""heat"":38.25,""dry"":null}",1,T10;T11,false,false
19-2026-09-04,19,Toulouse,TO,2026-09-04,2026-09-04,1,2026-09-04,98.36065573770492,heat,"{""rain"":0,""heat"":38.25,""dry"":null}",1,T21;T24;T9;T12;T17;T18;T19;T20;T16;T22,false,false
17-2026-09-06,17,Toulouse,TO,2026-09-06,2026-09-06,1,2026-09-06,98.36065573770492,heat,"{""rain"":1.33,""heat"":38.93,""dry"":0}",0,T1;T3;T2;T5;T6;T7;T8;T15;T13;T14;T4,false,false
18-2026-09-06,18,Toulouse,TO,2026-09-06,2026-09-06,1,2026-09-06,98.36065573770492,heat,"{""rain"":0.79,""heat"":37.92,""dry"":null}",1,T10;T11,false,false
20-2026-09-06,20,Toulouse,TO,2026-09-06,2026-09-06,1,2026-09-06,98.36065573770492,heat,"{""rain"":0.05,""heat"":38.45,""dry"":null}",1,T25,false,false
8-2025-02-21,8,Ghent,GH,2025-02-21,2025-02-21,1,2025-02-21,98.34710743801652,heat,"{""rain"":2.63,""heat"":16.88,""dry"":0}",0,G13;G14;G15;G16;G17;G18;G1;G19;G20,false,false
9-2025-02-21,9,Ghent,GH,2025-02-21,2025-02-21,1,2025-02-21,98.34710743801652,heat,"{""rain"":1.85,""heat"":16.79,""dry"":0}",0,G6;G8;G10;G22;G11;G12;G4;G21;G5;G3,false,false
10-2025-02-21,10,Ghent,GH,2025-02-21,2025-02-21,1,2025-02-21,98.34710743801652,heat,"{""rain"":1.85,""heat"":16.79,""dry"":0}",0,G2;G9;G7,false,false
5-2026-02-23,5,Coimbra,CO,2026-02-23,2026-02-23,1,2026-02-23,98.34710743801652,heat,"{""rain"":0,""heat"":23.64,""dry"":5}",0,C14;C15,false,false
1-2026-02-26,1,Benevento,BE,2026-02-26,2026-02-26,1,2026-02-26,98.34710743801652,heat,"{""rain"":0.05,""heat"":18.42,""dry"":6}",0,BN4;BN5;BN9;BN13;BN14;BN15;BN16,false,false
2-2026-02-26,2,Benevento,BE,2026-02-26,2026-02-26,1,2026-02-26,98.34710743801652,heat,"{""rain"":0.07,""heat"":18.1,""dry"":6}",0,BN20,false,false
16-2026-03-04,16,Oslo,OS,2026-03-04,2026-03-04,1,2026-03-04,98.34710743801652,heat,"{""rain"":1.26,""heat"":9.34,""dry"":2}",0,O7;O8,false,false
14-2025-04-03,14,Oslo,OS,2025-04-03,2025-04-03,1,2025-04-03,97.54098360655738,heat,"{""rain"":0,""heat"":18.11,""dry"":4}",0,O19,false,false
2-2025-05-02,2,Benevento,BE,2025-05-02,2025-05-02,1,2025-05-02,97.54098360655738,heat,"{""rain"":0,""heat"":25.13,""dry"":3}",0,BN20,false,false
9-2025-05-11,9,Ghent,GH,2025-05-11,2025-05-11,1,2025-05-11,97.54098360655738,heat,"{""rain"":0.04,""heat"":25.14,""dry"":17}",0,G6;G8;G10;G22;G11;G12;G4;G21;G5;G3,false,false
10-2025-05-11,10,Ghent,GH,2025-05-11,2025-05-11,1,2025-05-11,97.54098360655738,heat,"{""rain"":0.04,""heat"":25.14,""dry"":17}",0,G2;G9;G7,false,false
18-2025-06-13,18,Toulouse,TO,2025-06-13,2025-06-13,1,2025-06-13,97.54098360655738,dry,"{""rain"":0.02,""heat"":30.95,""dry"":6}",0,T10;T11,false,false
7-2025-07-08,7,Coimbra,CO,2025-07-08,2025-07-08,1,2025-07-08,97.54098360655738,heat,"{""rain"":0.01,""heat"":35.22,""dry"":9}",0,C7;C19,false,false
8-2025-07-19,8,Ghent,GH,2025-07-19,2025-07-19,1,2025-07-19,97.54098360655738,heat,"{""rain"":3.48,""heat"":29.95,""dry"":0}",0,G13;G14;G15;G16;G17;G18;G1;G19;G20,false,false
7-2025-08-05,7,Coimbra,CO,2025-08-05,2025-08-05,1,2025-08-05,97.54098360655738,heat,"{""rain"":0.05,""heat"":36.79,""dry"":16}",0,C7;C19,false,false
8-2025-09-07,8,Ghent,GH,2025-09-07,2025-09-07,1,2025-09-07,97.54098360655738,heat,"{""rain"":0.21,""heat"":30.66,""dry"":3}",0,G13;G14;G15;G16;G17;G18;G1;G19;G20,false,false
19-2026-04-06,19,Toulouse,TO,2026-04-06,2026-04-06,1,2026-04-06,97.54098360655738,heat,"{""rain"":0,""heat"":26.02,""dry"":3}",0,T21;T24;T9;T12;T17;T18;T19;T20;T16;T22,false,false
4-2026-04-10,4,Coimbra,CO,2026-04-10,2026-04-10,1,2026-04-10,97.54098360655738,heat,"{""rain"":1.33,""heat"":28.24,""dry"":3}",0,C13,false,false
2-2026-04-29,2,Benevento,BE,2026-04-29,2026-04-29,1,2026-04-29,97.54098360655738,heat,"{""rain"":0.31,""heat"":24.91,""dry"":7}",0,BN20,false,false
11-2026-05-16,11,Oslo,OS,2026-05-16,2026-05-16,1,2026-05-16,97.54098360655738,rain,"{""rain"":32.25,""heat"":10.08,""dry"":0}",0,O1;O2;O3;O9;O10;O13;O14;O20,false,false
16-2026-05-16,16,Oslo,OS,2026-05-16,2026-05-16,1,2026-05-16,97.54098360655738,rain,"{""rain"":30.88,""heat"":10.94,""dry"":0}",0,O7;O8,false,false
3-2026-05-22,3,Coimbra,CO,2026-05-22,2026-05-22,1,2026-05-22,97.54098360655738,heat,"{""rain"":0,""heat"":30.05,""dry"":9}",0,C1;C2;C3;C4;C5;C6;C8;C9;C10;C11;C12;C16;C18;C20,false,false
4-2026-05-22,4,Coimbra,CO,2026-05-22,2026-05-22,1,2026-05-22,97.54098360655738,heat,"{""rain"":0,""heat"":30.15,""dry"":9}",0,C13,false,false
5-2026-05-22,5,Coimbra,CO,2026-05-22,2026-05-22,1,2026-05-22,97.54098360655738,heat,"{""rain"":0,""heat"":30.05,""dry"":9}",0,C14;C15,false,false
6-2026-05-22,6,Coimbra,CO,2026-05-22,2026-05-22,1,2026-05-22,97.54098360655738,heat,"{""rain"":0,""heat"":30.05,""dry"":9}",0,C17,false,false
11-2026-07-24,11,Oslo,OS,2026-07-24,2026-07-24,1,2026-07-24,97.54098360655738,dry,"{""rain"":0.03,""heat"":21.09,""dry"":5}",0,O1;O2;O3;O9;O10;O13;O14;O20,false,false
12-2026-07-24,12,Oslo,OS,2026-07-24,2026-07-24,1,2026-07-24,97.54098360655738,dry,"{""rain"":0.03,""heat"":21.09,""dry"":5}",0,O17;O5;O4;O11;O12;O15;O16,false,false
13-2026-07-24,13,Oslo,OS,2026-07-24,2026-07-24,1,2026-07-24,97.54098360655738,dry,"{""rain"":0.03,""heat"":21.09,""dry"":5}",0,O18,false,false
14-2026-07-24,14,Oslo,OS,2026-07-24,2026-07-24,1,2026-07-24,97.54098360655738,dry,"{""rain"":0.07,""heat"":21.82,""dry"":5}",0,O19,false,false
15-2026-07-24,15,Oslo,OS,2026-07-24,2026-07-24,1,2026-07-24,97.54098360655738,dry,"{""rain"":0.07,""heat"":22.9,""dry"":5}",0,O6,false,false
16-2026-07-24,16,Oslo,OS,2026-07-24,2026-07-24,1,2026-07-24,97.54098360655738,dry,"{""rain"":0.07,""heat"":22.9,""dry"":5}",0,O7;O8,false,false
8-2026-08-09,8,Ghent,GH,2026-08-09,2026-08-09,1,2026-08-09,97.54098360655738,heat,"{""rain"":0.04,""heat"":29.47,""dry"":null}",1,G13;G14;G15;G16;G17;G18;G1;G19;G20,false,false
8-2026-08-19,8,Ghent,GH,2026-08-19,2026-08-19,1,2026-08-19,97.54098360655738,rain,"{""rain"":28.33,""heat"":19.27,""dry"":0}",0,G13;G14;G15;G16;G17;G18;G1;G19;G20,false,false
3-2026-02-23,3,Coimbra,CO,2026-02-23,2026-02-23,1,2026-02-23,97.52066115702479,heat,"{""rain"":0,""heat"":23.64,""dry"":5}",0,C1;C2;C3;C4;C5;C6;C8;C9;C10;C11;C12;C16;C18;C20,false,false
7-2026-02-23,7,Coimbra,CO,2026-02-23,2026-02-23,1,2026-02-23,97.52066115702479,heat,"{""rain"":0,""heat"":23.64,""dry"":5}",0,C7;C19,false,false
17-2026-02-24,17,Toulouse,TO,2026-02-24,2026-02-24,1,2026-02-24,97.52066115702479,heat,"{""rain"":0,""heat"":22.93,""dry"":4}",0,T1;T3;T2;T5;T6;T7;T8;T15;T13;T14;T4,false,false
18-2026-02-24,18,Toulouse,TO,2026-02-24,2026-02-24,1,2026-02-24,97.52066115702479,heat,"{""rain"":0,""heat"":22.55,""dry"":4}",0,T10;T11,false,false
19-2026-02-24,19,Toulouse,TO,2026-02-24,2026-02-24,1,2026-02-24,97.52066115702479,heat,"{""rain"":0,""heat"":22.55,""dry"":4}",0,T21;T24;T9;T12;T17;T18;T19;T20;T16;T22,false,false
20-2026-02-24,20,Toulouse,TO,2026-02-24,2026-02-24,1,2026-02-24,97.52066115702479,heat,"{""rain"":0,""heat"":22.61,""dry"":4}",0,T25,false,false
10-2026-03-09,10,Ghent,GH,2026-03-09,2026-03-09,1,2026-03-09,97.52066115702479,heat,"{""rain"":1.06,""heat"":18.61,""dry"":10}",0,G2;G9;G7,false,false
11-2026-03-19,11,Oslo,OS,2026-03-19,2026-03-19,1,2026-03-19,97.52066115702479,heat,"{""rain"":0.52,""heat"":12.24,""dry"":3}",0,O1;O2;O3;O9;O10;O13;O14;O20,false,false
18-2026-01-20,18,Toulouse,TO,2026-01-20,2026-01-20,1,2026-01-20,97.5,rain,"{""rain"":24.21,""heat"":8.3,""dry"":0}",0,T10;T11,false,false
6-2025-04-01,6,Coimbra,CO,2025-04-01,2025-04-01,1,2025-04-01,97.1311475409836,dry,"{""rain"":0.35,""heat"":19.95,""dry"":9}",0,C17,false,false
9-2025-09-07,9,Ghent,GH,2025-09-07,2025-09-07,1,2025-09-07,97.1311475409836,heat,"{""rain"":0.52,""heat"":30.75,""dry"":4}",0,G6;G8;G10;G22;G11;G12;G4;G21;G5;G3,false,false
10-2025-09-07,10,Ghent,GH,2025-09-07,2025-09-07,1,2025-09-07,97.1311475409836,heat,"{""rain"":0.52,""heat"":30.75,""dry"":4}",0,G2;G9;G7,false,false
12-2025-02-05,12,Oslo,OS,2025-02-05,2025-02-05,1,2025-02-05,97.10743801652893,heat,"{""rain"":5.8,""heat"":7.45,""dry"":1}",0,O17;O5;O4;O11;O12;O15;O16,false,false
16-2025-02-05,16,Oslo,OS,2025-02-05,2025-02-05,1,2025-02-05,97.10743801652893,heat,"{""rain"":5.8,""heat"":7.45,""dry"":1}",0,O7;O8,false,false
8-2026-03-09,8,Ghent,GH,2026-03-09,2026-03-09,1,2026-03-09,97.10743801652893,heat,"{""rain"":0.23,""heat"":18.21,""dry"":9}",0,G13;G14;G15;G16;G17;G18;G1;G19;G20,false,false
18-2026-03-21,18,Toulouse,TO,2026-03-21,2026-03-21,1,2026-03-21,97.10743801652893,dry,"{""rain"":0.35,""heat"":18.86,""dry"":7}",0,T10;T11,false,false
12-2025-04-03,12,Oslo,OS,2025-04-03,2025-04-03,1,2025-04-03,96.72131147540983,heat,"{""rain"":0,""heat"":18.02,""dry"":4}",0,O17;O5;O4;O11;O12;O15;O16,false,false
13-2025-04-03,13,Oslo,OS,2025-04-03,2025-04-03,1,2025-04-03,96.72131147540983,heat,"{""rain"":0,""heat"":17.66,""dry"":4}",0,O18,false,false
15-2025-04-03,15,Oslo,OS,2025-04-03,2025-04-03,1,2025-04-03,96.72131147540983,heat,"{""rain"":0,""heat"":17.66,""dry"":4}",0,O6,false,false
16-2025-04-03,16,Oslo,OS,2025-04-03,2025-04-03,1,2025-04-03,96.72131147540983,heat,"{""rain"":0,""heat"":18.02,""dry"":4}",0,O7;O8,false,false
6-2025-04-14,6,Coimbra,CO,2025-04-14,2025-04-14,1,2025-04-14,96.72131147540983,rain,"{""rain"":34.58,""heat"":14.48,""dry"":0}",0,C17,false,false
6-2025-05-31,6,Coimbra,CO,2025-05-31,2025-05-31,1,2025-05-31,96.72131147540983,heat,"{""rain"":1.2,""heat"":31.16,""dry"":2}",0,C17,false,false
7-2025-05-31,7,Coimbra,CO,2025-05-31,2025-05-31,1,2025-05-31,96.72131147540983,heat,"{""rain"":1.37,""heat"":30.99,""dry"":2}",0,C7;C19,false,false
3-2025-07-08,3,Coimbra,CO,2025-07-08,2025-07-08,1,2025-07-08,96.72131147540983,heat,"{""rain"":0.01,""heat"":34.35,""dry"":26}",0,C1;C2;C3;C4;C5;C6;C8;C9;C10;C11;C12;C16;C18;C20,false,false
6-2025-07-08,6,Coimbra,CO,2025-07-08,2025-07-08,1,2025-07-08,96.72131147540983,heat,"{""rain"":0,""heat"":34.67,""dry"":9}",0,C17,false,false
17-2025-07-17,17,Toulouse,TO,2025-07-17,2025-07-17,1,2025-07-17,96.72131147540983,heat,"{""rain"":0.37,""heat"":35.32,""dry"":4}",0,T1;T3;T2;T5;T6;T7;T8;T15;T13;T14;T4,false,false
18-2025-07-17,18,Toulouse,TO,2025-07-17,2025-07-17,1,2025-07-17,96.72131147540983,heat,"{""rain"":1.19,""heat"":34.88,""dry"":2}",0,T10;T11,false,false
19-2025-07-17,19,Toulouse,TO,2025-07-17,2025-07-17,1,2025-07-17,96.72131147540983,heat,"{""rain"":0.37,""heat"":35.32,""dry"":4}",0,T21;T24;T9;T12;T17;T18;T19;T20;T16;T22,false,false
20-2025-07-17,20,Toulouse,TO,2025-07-17,2025-07-17,1,2025-07-17,96.72131147540983,heat,"{""rain"":0.37,""heat"":35.32,""dry"":4}",0,T25,false,false
11-2025-08-14,11,Oslo,OS,2025-08-14,2025-08-14,1,2025-08-14,96.72131147540983,heat,"{""rain"":9.7,""heat"":24.04,""dry"":0}",0,O1;O2;O3;O9;O10;O13;O14;O20,false,false
7-2026-05-22,7,Coimbra,CO,2026-05-22,2026-05-22,1,2026-05-22,96.72131147540983,heat,"{""rain"":0,""heat"":30.05,""dry"":9}",0,C7;C19,false,false
12-2026-06-28,12,Oslo,OS,2026-06-28,2026-06-28,1,2026-06-28,96.72131147540983,heat,"{""rain"":2.22,""heat"":27.44,""dry"":2}",0,O17;O5;O4;O11;O12;O15;O16,false,false
9-2026-08-09,9,Ghent,GH,2026-08-09,2026-08-09,1,2026-08-09,96.72131147540983,heat,"{""rain"":0.04,""heat"":29.47,""dry"":null}",1,G6;G8;G10;G22;G11;G12;G4;G21;G5;G3,false,false
2-2026-08-11,2,Benevento,BE,2026-08-11,2026-08-11,1,2026-08-11,96.72131147540983,heat,"{""rain"":0.33,""heat"":36.09,""dry"":6}",0,BN20,false,false
4-2026-08-26,4,Coimbra,CO,2026-08-26,2026-08-26,1,2026-08-26,96.72131147540983,rain,"{""rain"":26.46,""heat"":21.48,""dry"":0}",0,C13,false,true
12-2026-08-26,12,Oslo,OS,2026-08-26,2026-08-26,1,2026-08-26,96.72131147540983,heat,"{""rain"":0,""heat"":23.6,""dry"":4}",0,O17;O5;O4;O11;O12;O15;O16,false,true
13-2026-08-26,13,Oslo,OS,2026-08-26,2026-08-26,1,2026-08-26,96.72131147540983,heat,"{""rain"":0,""heat"":23.6,""dry"":4}",0,O18,false,true
19-2026-09-06,19,Toulouse,TO,2026-09-06,2026-09-06,1,2026-09-06,96.72131147540983,heat,"{""rain"":0.79,""heat"":37.92,""dry"":null}",1,T21;T24;T9;T12;T17;T18;T19;T20;T16;T22,false,false
3-2025-03-10,3,Coimbra,CO,2025-03-10,2025-03-10,1,2025-03-10,96.69421487603306,rain,"{""rain"":48.85,""heat"":14.02,""dry"":0}",0,C1;C2;C3;C4;C5;C6;C8;C9;C10;C11;C12;C16;C18;C20,false,false
4-2025-03-10,4,Coimbra,CO,2025-03-10,2025-03-10,1,2025-03-10,96.69421487603306,rain,"{""rain"":51.5,""heat"":13.69,""dry"":0}",0,C13,false,false
5-2025-03-10,5,Coimbra,CO,2025-03-10,2025-03-10,1,2025-03-10,96.69421487603306,rain,"{""rain"":51.5,""heat"":13.69,""dry"":0}",0,C14;C15,false,false
0-2026-02-26,0,Benevento,BE,2026-02-26,2026-02-26,1,2026-02-26,96.69421487603306,heat,"{""rain"":0.07,""heat"":18.1,""dry"":6}",0,BN1;BN2;BN3;BN6;BN7;BN8;BN10;BN11;BN12;BN17;BN18;BN19,false,false
9-2026-03-09,9,Ghent,GH,2026-03-09,2026-03-09,1,2026-03-09,96.69421487603306,heat,"{""rain"":0.23,""heat"":18.21,""dry"":9}",0,G6;G8;G10;G22;G11;G12;G4;G21;G5;G3,false,false
15-2026-03-19,15,Oslo,OS,2026-03-19,2026-03-19,1,2026-03-19,96.69421487603306,heat,"{""rain"":0.33,""heat"":12.9,""dry"":3}",0,O6,false,false
17-2025-12-23,17,Toulouse,TO,2025-12-23,2025-12-23,1,2025-12-23,96.66666666666667,rain,"{""rain"":26.94,""heat"":6.46,""dry"":0}",0,T1;T3;T2;T5;T6;T7;T8;T15;T13;T14;T4,false,false
19-2025-12-23,19,Toulouse,TO,2025-12-23,2025-12-23,1,2025-12-23,96.66666666666667,rain,"{""rain"":26.94,""heat"":6.46,""dry"":0}",0,T21;T24;T9;T12;T17;T18;T19;T20;T16;T22,false,false
20-2025-12-23,20,Toulouse,TO,2025-12-23,2025-12-23,1,2025-12-23,96.66666666666667,rain,"{""rain"":26.94,""heat"":6.46,""dry"":0}",0,T25,false,false
7-2026-01-23,7,Coimbra,CO,2026-01-23,2026-01-23,1,2026-01-23,96.66666666666667,rain,"{""rain"":64.02,""heat"":9.22,""dry"":0}",0,C7;C19,false,false
11-2025-01-20,11,Oslo,OS,2025-01-20,2025-01-20,1,2025-01-20,96.63865546218487,dry,"{""rain"":0.37,""heat"":-1.94,""dry"":11}",0,O1;O2;O3;O9;O10;O13;O14;O20,false,false
3-2025-04-01,3,Coimbra,CO,2025-04-01,2025-04-01,1,2025-04-01,96.31147540983606,dry,"{""rain"":0.63,""heat"":21.08,""dry"":9}",0,C1;C2;C3;C4;C5;C6;C8;C9;C10;C11;C12;C16;C18;C20,false,false
4-2025-07-08,4,Coimbra,CO,2025-07-08,2025-07-08,1,2025-07-08,96.31147540983606,heat,"{""rain"":0,""heat"":34.11,""dry"":26}",0,C13,false,false
5-2025-07-08,5,Coimbra,CO,2025-07-08,2025-07-08,1,2025-07-08,96.31147540983606,heat,"{""rain"":0,""heat"":34.11,""dry"":26}",0,C14;C15,false,false
7-2025-04-01,7,Coimbra,CO,2025-04-01,2025-04-01,1,2025-04-01,95.90163934426229,dry,"{""rain"":0.21,""heat"":20.76,""dry"":9}",0,C7;C19,false,false
3-2025-04-09,3,Coimbra,CO,2025-04-09,2025-04-09,1,2025-04-09,95.90163934426229,heat,"{""rain"":0.11,""heat"":27.84,""dry"":3}",0,C1;C2;C3;C4;C5;C6;C8;C9;C10;C11;C12;C16;C18;C20,false,false
6-2025-04-16,6,Coimbra,CO,2025-04-16,2025-04-16,1,2025-04-16,95.90163934426229,rain,"{""rain"":34.14,""heat"":13.87,""dry"":0}",0,C17,false,false
0-2025-05-02,0,Benevento,BE,2025-05-02,2025-05-02,1,2025-05-02,95.90163934426229,heat,"{""rain"":0,""heat"":25.27,""dry"":3}",0,BN1;BN2;BN3;BN6;BN7;BN8;BN10;BN11;BN12;BN17;BN18;BN19,false,false
1-2025-05-02,1,Benevento,BE,2025-05-02,2025-05-02,1,2025-05-02,95.90163934426229,heat,"{""rain"":0,""heat"":25.27,""dry"":3}",0,BN4;BN5;BN9;BN13;BN14;BN15;BN16,false,false
13-2025-07-28,13,Oslo,OS,2025-07-28,2025-07-28,1,2025-07-28,95.90163934426229,heat,"{""rain"":6.45,""heat"":24.45,""dry"":0}",0,O18,false,false
15-2025-07-28,15,Oslo,OS,2025-07-28,2025-07-28,1,2025-07-28,95.90163934426229,heat,"{""rain"":6.45,""heat"":24.45,""dry"":0}",0,O6,false,false
6-2025-08-14,6,Coimbra,CO,2025-08-14,2025-08-14,1,2025-08-14,95.90163934426229,heat,"{""rain"":0.41,""heat"":36.07,""dry"":25}",0,C17,false,false
17-2025-11-25,17,Toulouse,TO,2025-11-25,2025-11-25,1,2025-11-25,95.90163934426229,rain,"{""rain"":29.39,""heat"":9.78,""dry"":0}",0,T1;T3;T2;T5;T6;T7;T8;T15;T13;T14;T4,false,false
18-2025-11-25,18,Toulouse,TO,2025-11-25,2025-11-25,1,2025-11-25,95.90163934426229,rain,"{""rain"":30.67,""heat"":9.91,""dry"":0}",0,T10;T11,false,false
19-2025-11-25,19,Toulouse,TO,2025-11-25,2025-11-25,1,2025-11-25,95.90163934426229,rain,"{""rain"":29.39,""heat"":9.78,""dry"":0}",0,T21;T24;T9;T12;T17;T18;T19;T20;T16;T22,false,false
20-2025-11-25,20,Toulouse,TO,2025-11-25,2025-11-25,1,2025-11-25,95.90163934426229,rain,"{""rain"":29.39,""heat"":9.78,""dry"":0}",0,T25,false,false
6-2026-04-27,6,Coimbra,CO,2026-04-27,2026-04-27,1,2026-04-27,95.90163934426229,heat,"{""rain"":1.64,""heat"":27.33,""dry"":1}",0,C17,false,false
15-2026-06-10,15,Oslo,OS,2026-06-10,2026-06-10,1,2026-06-10,95.90163934426229,rain,"{""rain"":26.88,""heat"":16.43,""dry"":0}",0,O6,false,false
15-2026-06-25,15,Oslo,OS,2026-06-25,2026-06-25,1,2026-06-25,95.90163934426229,heat,"{""rain"":0.31,""heat"":26.85,""dry"":11}",0,O6,false,false
2-2026-07-20,2,Benevento,BE,2026-07-20,2026-07-20,1,2026-07-20,95.90163934426229,heat,"{""rain"":1.17,""heat"":36.4,""dry"":8}",0,BN20,false,false
5-2026-07-27,5,Coimbra,CO,2026-07-27,2026-07-27,1,2026-07-27,95.90163934426229,heat,"{""rain"":0.94,""heat"":35.14,""dry"":3}",0,C14;C15,false,false
12-2026-07-29,12,Oslo,OS,2026-07-29,2026-07-29,1,2026-07-29,95.90163934426229,dry,"{""rain"":2.56,""heat"":23.07,""dry"":4}",0,O17;O5;O4;O11;O12;O15;O16,false,false
13-2026-07-29,13,Oslo,OS,2026-07-29,2026-07-29,1,2026-07-29,95.90163934426229,dry,"{""rain"":2.56,""heat"":23.07,""dry"":4}",0,O18,false,false
6-2026-09-03,6,Coimbra,CO,2026-09-03,2026-09-03,1,2026-09-03,95.90163934426229,heat,"{""rain"":0.06,""heat"":35.53,""dry"":null}",1,C17,false,false
7-2026-09-03,7,Coimbra,CO,2026-09-03,2026-09-03,1,2026-09-03,95.90163934426229,heat,"{""rain"":0.06,""heat"":35.53,""dry"":null}",1,C7;C19,false,false
20-2026-09-04,20,Toulouse,TO,2026-09-04,2026-09-04,1,2026-09-04,95.90163934426229,heat,"{""rain"":0,""heat"":36.96,""dry"":null}",1,T25,false,false
3-2026-09-05,3,Coimbra,CO,2026-09-05,2026-09-05,1,2026-09-05,95.90163934426229,heat,"{""rain"":0.6,""heat"":34.28,""dry"":null}",1,C1;C2;C3;C4;C5;C6;C8;C9;C10;C11;C12;C16;C18;C20,false,false
4-2026-09-05,4,Coimbra,CO,2026-09-05,2026-09-05,1,2026-09-05,95.90163934426229,heat,"{""rain"":0.37,""heat"":34.68,""dry"":null}",1,C13,false,false
5-2026-09-05,5,Coimbra,CO,2026-09-05,2026-09-05,1,2026-09-05,95.90163934426229,heat,"{""rain"":0.6,""heat"":34.28,""dry"":null}",1,C14;C15,false,false
11-2025-03-18,11,Oslo,OS,2025-03-18,2025-03-18,1,2025-03-18,95.86776859504133,heat,"{""rain"":0.14,""heat"":11.28,""dry"":6}",0,O1;O2;O3;O9;O10;O13;O14;O20,false,false
17-2025-03-23,17,Toulouse,TO,2025-03-23,2025-03-23,1,2025-03-23,95.86776859504133,rain,"{""rain"":20.2,""heat"":11.83,""dry"":0}",0,T1;T3;T2;T5;T6;T7;T8;T15;T13;T14;T4,false,false
19-2025-03-23,19,Toulouse,TO,2025-03-23,2025-03-23,1,2025-03-23,95.86776859504133,rain,"{""rain"":20.2,""heat"":11.83,""dry"":0}",0,T21;T24;T9;T12;T17;T18;T19;T20;T16;T22,false,false
20-2025-03-23,20,Toulouse,TO,2025-03-23,2025-03-23,1,2025-03-23,95.86776859504133,rain,"{""rain"":20.2,""heat"":11.83,""dry"":0}",0,T25,false,false
14-2026-03-19,14,Oslo,OS,2026-03-19,2026-03-19,1,2026-03-19,95.86776859504133,heat,"{""rain"":0.38,""heat"":12.57,""dry"":3}",0,O19,false,false
16-2026-03-19,16,Oslo,OS,2026-03-19,2026-03-19,1,2026-03-19,95.86776859504133,heat,"{""rain"":0.33,""heat"":12.9,""dry"":3}",0,O7;O8,false,false
4-2025-01-22,4,Coimbra,CO,2025-01-22,2025-01-22,1,2025-01-22,95.83333333333333,rain,"{""rain"":51.98,""heat"":15.93,""dry"":0}",0,C13,false,false
5-2025-01-22,5,Coimbra,CO,2025-01-22,2025-01-22,1,2025-01-22,95.83333333333333,rain,"{""rain"":51.98,""heat"":15.93,""dry"":0}",0,C14;C15,false,false
3-2026-01-23,3,Coimbra,CO,2026-01-23,2026-01-23,1,2026-01-23,95.83333333333333,rain,"{""rain"":51.07,""heat"":10.64,""dry"":0}",0,C1;C2;C3;C4;C5;C6;C8;C9;C10;C11;C12;C16;C18;C20,false,false
4-2026-01-23,4,Coimbra,CO,2026-01-23,2026-01-23,1,2026-01-23,95.83333333333333,rain,"{""rain"":50.22,""heat"":10.41,""dry"":0}",0,C13,false,false
5-2026-01-23,5,Coimbra,CO,2026-01-23,2026-01-23,1,2026-01-23,95.83333333333333,rain,"{""rain"":50.22,""heat"":10.41,""dry"":0}",0,C14;C15,false,false
8-2025-07-14,8,Ghent,GH,2025-07-14,2025-07-14,1,2025-07-14,95.49180327868852,dry,"{""rain"":0.19,""heat"":25.16,""dry"":6}",0,G13;G14;G15;G16;G17;G18;G1;G19;G20,false,false
1-2026-04-12,1,Benevento,BE,2026-04-12,2026-04-12,1,2026-04-12,95.49180327868852,dry,"{""rain"":0.04,""heat"":22.32,""dry"":9}",0,BN4;BN5;BN9;BN13;BN14;BN15;BN16,false,false
15-2026-05-01,15,Oslo,OS,2026-05-01,2026-05-01,1,2026-05-01,95.49180327868852,dry,"{""rain"":0,""heat"":21.48,""dry"":12}",0,O6,false,false
16-2026-05-01,16,Oslo,OS,2026-05-01,2026-05-01,1,2026-05-01,95.49180327868852,dry,"{""rain"":0,""heat"":21.48,""dry"":12}",0,O7;O8,false,false
11-2026-07-29,11,Oslo,OS,2026-07-29,2026-07-29,1,2026-07-29,95.49180327868852,dry,"{""rain"":2.56,""heat"":23.07,""dry"":4}",0,O1;O2;O3;O9;O10;O13;O14;O20,false,false
11-2026-08-03,11,Oslo,OS,2026-08-03,2026-08-03,1,2026-08-03,95.49180327868852,dry,"{""rain"":0.36,""heat"":20.82,""dry"":4}",0,O1;O2;O3;O9;O10;O13;O14;O20,false,true
0-2025-12-15,0,Benevento,BE,2025-12-15,2025-12-15,1,2025-12-15,95.21739130434783,dry,"{""rain"":0,""heat"":13.27,""dry"":10}",0,BN1;BN2;BN3;BN6;BN7;BN8;BN10;BN11;BN12;BN17;BN18;BN19,false,false
1-2025-12-15,1,Benevento,BE,2025-12-15,2025-12-15,1,2025-12-15,95.21739130434783,dry,"{""rain"":0,""heat"":13.27,""dry"":10}",0,BN4;BN5;BN9;BN13;BN14;BN15;BN16,false,false
2-2025-12-15,2,Benevento,BE,2025-12-15,2025-12-15,1,2025-12-15,95.17543859649123,dry,"{""rain"":0.01,""heat"":12.3,""dry"":10}",0,BN20,false,false
0-2025-07-04,0,Benevento,BE,2025-07-04,2025-07-04,1,2025-07-04,95.08196721311475,heat,"{""rain"":1.99,""heat"":35.28,""dry"":1}",0,BN1;BN2;BN3;BN6;BN7;BN8;BN10;BN11;BN12;BN17;BN18;BN19,false,false
1-2025-07-04,1,Benevento,BE,2025-07-04,2025-07-04,1,2025-07-04,95.08196721311475,heat,"{""rain"":1.99,""heat"":35.28,""dry"":1}",0,BN4;BN5;BN9;BN13;BN14;BN15;BN16,false,false
6-2025-08-05,6,Coimbra,CO,2025-08-05,2025-08-05,1,2025-08-05,95.08196721311475,heat,"{""rain"":0.25,""heat"":35.66,""dry"":16}",0,C17,false,false
7-2025-08-14,7,Coimbra,CO,2025-08-14,2025-08-14,1,2025-08-14,95.08196721311475,heat,"{""rain"":0.24,""heat"":35.65,""dry"":25}",0,C7;C19,false,false
2-2025-08-25,2,Benevento,BE,2025-08-25,2025-08-25,1,2025-08-25,95.08196721311475,rain,"{""rain"":16.77,""heat"":27.56,""dry"":0}",0,BN20,false,false
18-2025-09-23,18,Toulouse,TO,2025-09-23,2025-09-23,1,2025-09-23,95.08196721311475,rain,"{""rain"":21.8,""heat"":14.58,""dry"":0}",0,T10;T11,false,false
13-2025-11-03,13,Oslo,OS,2025-11-03,2025-11-03,1,2025-11-03,95.08196721311475,rain,"{""rain"":23.48,""heat"":8.35,""dry"":0}",0,O18,false,false
15-2025-11-03,15,Oslo,OS,2025-11-03,2025-11-03,1,2025-11-03,95.08196721311475,rain,"{""rain"":23.48,""heat"":8.35,""dry"":0}",0,O6,false,false
14-2025-11-04,14,Oslo,OS,2025-11-04,2025-11-04,1,2025-11-04,95.08196721311475,heat,"{""rain"":6.68,""heat"":12.75,""dry"":0}",0,O19,false,false
12-2025-11-21,12,Oslo,OS,2025-11-21,2025-11-21,1,2025-11-21,95.08196721311475,dry,"{""rain"":0.26,""heat"":-2.7,""dry"":9}",0,O17;O5;O4;O11;O12;O15;O16,false,false
16-2025-11-21,16,Oslo,OS,2025-11-21,2025-11-21,1,2025-11-21,95.08196721311475,dry,"{""rain"":0.26,""heat"":-2.7,""dry"":9}",0,O7;O8,false,false
13-2026-04-04,13,Oslo,OS,2026-04-04,2026-04-04,1,2026-04-04,95.08196721311475,rain,"{""rain"":26.38,""heat"":7.38,""dry"":0}",0,O18,false,false
15-2026-04-04,15,Oslo,OS,2026-04-04,2026-04-04,1,2026-04-04,95.08196721311475,rain,"{""rain"":27.74,""heat"":8.85,""dry"":0}",0,O6,false,false
12-2026-05-09,12,Oslo,OS,2026-05-09,2026-05-09,1,2026-05-09,95.08196721311475,dry,"{""rain"":0.06,""heat"":14.16,""dry"":14}",0,O17;O5;O4;O11;O12;O15;O16,false,false
13-2026-05-09,13,Oslo,OS,2026-05-09,2026-05-09,1,2026-05-09,95.08196721311475,dry,"{""rain"":0.06,""heat"":14.16,""dry"":14}",0,O18,false,false
10-2026-05-15,10,Ghent,GH,2026-05-15,2026-05-15,1,2026-05-15,95.08196721311475,rain,"{""rain"":21.24,""heat"":10.81,""dry"":0}",0,G2;G9;G7,false,false
19-2026-05-15,19,Toulouse,TO,2026-05-15,2026-05-15,1,2026-05-15,95.08196721311475,rain,"{""rain"":22.69,""heat"":13.18,""dry"":0}",0,T21;T24;T9;T12;T17;T18;T19;T20;T16;T22,false,false
10-2026-06-04,10,Ghent,GH,2026-06-04,2026-06-04,1,2026-06-04,95.08196721311475,rain,"{""rain"":22.89,""heat"":18.02,""dry"":0}",0,G2;G9;G7,false,false
16-2026-06-10,16,Oslo,OS,2026-06-10,2026-06-10,1,2026-06-10,95.08196721311475,rain,"{""rain"":26.88,""heat"":16.43,""dry"":0}",0,O7;O8,false,false
13-2026-06-14,13,Oslo,OS,2026-06-14,2026-06-14,1,2026-06-14,95.08196721311475,rain,"{""rain"":27.56,""heat"":16.83,""dry"":0}",0,O18,false,false
11-2026-07-21,11,Oslo,OS,2026-07-21,2026-07-21,1,2026-07-21,95.08196721311475,heat,"{""rain"":1.24,""heat"":24.83,""dry"":2}",0,O1;O2;O3;O9;O10;O13;O14;O20,false,false
14-2026-07-21,14,Oslo,OS,2026-07-21,2026-07-21,1,2026-07-21,95.08196721311475,heat,"{""rain"":1.99,""heat"":25.05,""dry"":2}",0,O19,false,false
0-2026-08-05,0,Benevento,BE,2026-08-05,2026-08-05,1,2026-08-05,95.08196721311475,heat,"{""rain"":null,""heat"":35.53,""dry"":0}",1,BN1;BN2;BN3;BN6;BN7;BN8;BN10;BN11;BN12;BN17;BN18;BN19,true,false
20-2026-08-09,20,Toulouse,TO,2026-08-09,2026-08-09,1,2026-08-09,95.08196721311475,heat,"{""rain"":3.08,""heat"":36.84,""dry"":0}",0,T25,false,false
1-2026-08-10,1,Benevento,BE,2026-08-10,2026-08-10,1,2026-08-10,95.08196721311475,heat,"{""rain"":1.32,""heat"":35.48,""dry"":2}",0,BN4;BN5;BN9;BN13;BN14;BN15;BN16,false,false
0-2025-02-26,0,Benevento,BE,2025-02-26,2025-02-26,1,2025-02-26,95.04132231404958,rain,"{""rain"":36.4,""heat"":11.53,""dry"":0}",0,BN1;BN2;BN3;BN6;BN7;BN8;BN10;BN11;BN12;BN17;BN18;BN19,false,false
1-2025-02-26,1,Benevento,BE,2025-02-26,2025-02-26,1,2025-02-26,95.04132231404958,rain,"{""rain"":36.4,""heat"":11.53,""dry"":0}",0,BN4;BN5;BN9;BN13;BN14;BN15;BN16,false,false
9-2025-03-11,9,Ghent,GH,2025-03-11,2025-03-11,1,2025-03-11,95.04132231404958,dry,"{""rain"":0.84,""heat"":7.68,""dry"":11}",0,G6;G8;G10;G22;G11;G12;G4;G21;G5;G3,false,false
10-2025-03-11,10,Ghent,GH,2025-03-11,2025-03-11,1,2025-03-11,95.04132231404958,dry,"{""rain"":0.84,""heat"":7.68,""dry"":11}",0,G2;G9;G7,false,false
0-2025-03-13,0,Benevento,BE,2025-03-13,2025-03-13,1,2025-03-13,95.04132231404958,rain,"{""rain"":33.35,""heat"":13.59,""dry"":0}",0,BN1;BN2;BN3;BN6;BN7;BN8;BN10;BN11;BN12;BN17;BN18;BN19,false,false
1-2025-03-13,1,Benevento,BE,2025-03-13,2025-03-13,1,2025-03-13,95.04132231404958,rain,"{""rain"":33.35,""heat"":13.59,""dry"":0}",0,BN4;BN5;BN9;BN13;BN14;BN15;BN16,false,false
14-2025-03-18,14,Oslo,OS,2025-03-18,2025-03-18,1,2025-03-18,95.04132231404958,heat,"{""rain"":0.15,""heat"":11.75,""dry"":6}",0,O19,false,false
4-2026-02-23,4,Coimbra,CO,2026-02-23,2026-02-23,1,2026-02-23,95.04132231404958,heat,"{""rain"":0,""heat"":22.71,""dry"":5}",0,C13,false,false
7-2025-01-07,7,Coimbra,CO,2025-01-07,2025-01-07,1,2025-01-07,95,rain,"{""rain"":56.48,""heat"":13.76,""dry"":0}",0,C7;C19,false,false
6-2025-01-22,6,Coimbra,CO,2025-01-22,2025-01-22,1,2025-01-22,95,rain,"{""rain"":59.12,""heat"":14.97,""dry"":0}",0,C17,false,false
9-2025-01-25,9,Ghent,GH,2025-01-25,2025-01-25,1,2025-01-25,95,rain,"{""rain"":27.08,""heat"":7.89,""dry"":0}",0,G6;G8;G10;G22;G11;G12;G4;G21;G5;G3,false,false
10-2025-01-25,10,Ghent,GH,2025-01-25,2025-01-25,1,2025-01-25,95,rain,"{""rain"":27.08,""heat"":7.89,""dry"":0}",0,G2;G9;G7,false,false
13-2025-12-04,13,Oslo,OS,2025-12-04,2025-12-04,1,2025-12-04,95,rain,"{""rain"":16.74,""heat"":3.5,""dry"":0}",0,O18,false,false
15-2025-12-04,15,Oslo,OS,2025-12-04,2025-12-04,1,2025-12-04,95,rain,"{""rain"":16.74,""heat"":3.5,""dry"":0}",0,O6,false,false
18-2025-12-23,18,Toulouse,TO,2025-12-23,2025-12-23,1,2025-12-23,95,rain,"{""rain"":24.32,""heat"":6.89,""dry"":0}",0,T10;T11,false,false
6-2026-01-23,6,Coimbra,CO,2026-01-23,2026-01-23,1,2026-01-23,95,rain,"{""rain"":56.76,""heat"":9.03,""dry"":0}",0,C17,false,false